-14,57,uhHhp34gBvrXY3zRaajcJaFZ0nw=,h7j3dRqXhG7ulV56w5Hz6YG+IvE=
-14,58,uhHhp34gBvrXY3zRaajcJaFZ0nw=,h7j3dRqXhG7ulV56w5Hz6YG+IvE=
-11,62,LgjG5+466aekFNSBADuWOwRwZYY=,OuTCmixRrEEU2dVNYxlZEU+MYb8=
-10,62,LgjG5+466aekFNSBADuWOwRwZYY=,OuTCmixRrEEU2dVNYxlZEU+MYb8=
-11,61,LgjG5+466aekFNSBADuWOwRwZYY=,OuTCmixRrEEU2dVNYxlZEU+MYb8=
-10,61,LgjG5+466aekFNSBADuWOwRwZYY=,OuTCmixRrEEU2dVNYxlZEU+MYb8=
-15,58,uhHhp34gBvrXY3zRaajcJaFZ0nw=,h7j3dRqXhG7ulV56w5Hz6YG+IvE=
-15,57,uhHhp34gBvrXY3zRaajcJaFZ0nw=,h7j3dRqXhG7ulV56w5Hz6YG+IvE=
-10,60,LgjG5+466aekFNSBADuWOwRwZYY=,OuTCmixRrEEU2dVNYxlZEU+MYb8=
-10,59,uhHhp34gBvrXY3zRaajcJaFZ0nw=,0rFeK9iKHyJOenL2sRfZoWHtOhI=
-13,58,uhHhp34gBvrXY3zRaajcJaFZ0nw=,h7j3dRqXhG7ulV56w5Hz6YG+IvE=
-13,57,uhHhp34gBvrXY3zRaajcJaFZ0nw=,h7j3dRqXhG7ulV56w5Hz6YG+IvE=
-11,60,LgjG5+466aekFNSBADuWOwRwZYY=,OuTCmixRrEEU2dVNYxlZEU+MYb8=
-12,57,uhHhp34gBvrXY3zRaajcJaFZ0nw=,0rFeK9iKHyJOenL2sRfZoWHtOhI=
-7,56,uhHhp34gBvrXY3zRaajcJaFZ0nw=,EuKLjFgojUyFpULewwcyX200aso=
-6,56,uhHhp34gBvrXY3zRaajcJaFZ0nw=,EuKLjFgojUyFpULewwcyX200aso=
-12,62,LgjG5+466aekFNSBADuWOwRwZYY=,OuTCmixRrEEU2dVNYxlZEU+MYb8=
-15,59,uhHhp34gBvrXY3zRaajcJaFZ0nw=,h7j3dRqXhG7ulV56w5Hz6YG+IvE=
-14,59,uhHhp34gBvrXY3zRaajcJaFZ0nw=,h7j3dRqXhG7ulV56w5Hz6YG+IvE=
-12,61,LgjG5+466aekFNSBADuWOwRwZYY=,OuTCmixRrEEU2dVNYxlZEU+MYb8=
-14,62,uhHhp34gBvrXY3zRaajcJaFZ0nw=,ISz+jaDl8nw9IYhtwJbpjrpIYrA=
-13,62,uhHhp34gBvrXY3zRaajcJaFZ0nw=,ISz+jaDl8nw9IYhtwJbpjrpIYrA=
-13,61,uhHhp34gBvrXY3zRaajcJaFZ0nw=,ISz+jaDl8nw9IYhtwJbpjrpIYrA=
-13,60,uhHhp34gBvrXY3zRaajcJaFZ0nw=,ISz+jaDl8nw9IYhtwJbpjrpIYrA=
-12,60,LgjG5+466aekFNSBADuWOwRwZYY=,OuTCmixRrEEU2dVNYxlZEU+MYb8=
-14,61,uhHhp34gBvrXY3zRaajcJaFZ0nw=,ISz+jaDl8nw9IYhtwJbpjrpIYrA=
-12,59,uhHhp34gBvrXY3zRaajcJaFZ0nw=,0rFeK9iKHyJOenL2sRfZoWHtOhI=
-4,54,uhHhp34gBvrXY3zRaajcJaFZ0nw=,QjBB12g24nTPyHOWpbnGWNdBZcY=
-3,54,uhHhp34gBvrXY3zRaajcJaFZ0nw=,QjBB12g24nTPyHOWpbnGWNdBZcY=
-2,54,uhHhp34gBvrXY3zRaajcJaFZ0nw=,QjBB12g24nTPyHOWpbnGWNdBZcY=
-4,53,uhHhp34gBvrXY3zRaajcJaFZ0nw=,QjBB12g24nTPyHOWpbnGWNdBZcY=
-3,53,uhHhp34gBvrXY3zRaajcJaFZ0nw=,QjBB12g24nTPyHOWpbnGWNdBZcY=
-2,53,uhHhp34gBvrXY3zRaajcJaFZ0nw=,QjBB12g24nTPyHOWpbnGWNdBZcY=
-12,58,uhHhp34gBvrXY3zRaajcJaFZ0nw=,0rFeK9iKHyJOenL2sRfZoWHtOhI=
-13,59,uhHhp34gBvrXY3zRaajcJaFZ0nw=,h7j3dRqXhG7ulV56w5Hz6YG+IvE=
-11,59,uhHhp34gBvrXY3zRaajcJaFZ0nw=,0rFeK9iKHyJOenL2sRfZoWHtOhI=
-14,60,uhHhp34gBvrXY3zRaajcJaFZ0nw=,ISz+jaDl8nw9IYhtwJbpjrpIYrA=
-11,58,uhHhp34gBvrXY3zRaajcJaFZ0nw=,0rFeK9iKHyJOenL2sRfZoWHtOhI=
-3,59,LgjG5+466aekFNSBADuWOwRwZYY=,xmU3f666HHrN/8zXwlKbaxaHnu0=
-1,58,LgjG5+466aekFNSBADuWOwRwZYY=,xmU3f666HHrN/8zXwlKbaxaHnu0=
-2,58,LgjG5+466aekFNSBADuWOwRwZYY=,xmU3f666HHrN/8zXwlKbaxaHnu0=
-3,58,LgjG5+466aekFNSBADuWOwRwZYY=,xmU3f666HHrN/8zXwlKbaxaHnu0=
-5,58,uhHhp34gBvrXY3zRaajcJaFZ0nw=,EuKLjFgojUyFpULewwcyX200aso=
-2,59,LgjG5+466aekFNSBADuWOwRwZYY=,xmU3f666HHrN/8zXwlKbaxaHnu0=
-4,58,LgjG5+466aekFNSBADuWOwRwZYY=,xmU3f666HHrN/8zXwlKbaxaHnu0=
-3,55,uhHhp34gBvrXY3zRaajcJaFZ0nw=,QjBB12g24nTPyHOWpbnGWNdBZcY=
-4,55,uhHhp34gBvrXY3zRaajcJaFZ0nw=,QjBB12g24nTPyHOWpbnGWNdBZcY=
-4,51,zD62mVRwqn0LWk7xmnLO/CfZwtY=,ZctkzwOc76PSo/o7rg5vRCsBWxw=
-4,52,uhHhp34gBvrXY3zRaajcJaFZ0nw=,QjBB12g24nTPyHOWpbnGWNdBZcY=
-2,50,zD62mVRwqn0LWk7xmnLO/CfZwtY=,ZctkzwOc76PSo/o7rg5vRCsBWxw=
-3,50,zD62mVRwqn0LWk7xmnLO/CfZwtY=,ZctkzwOc76PSo/o7rg5vRCsBWxw=
-4,50,zD62mVRwqn0LWk7xmnLO/CfZwtY=,ZctkzwOc76PSo/o7rg5vRCsBWxw=
-2,51,zD62mVRwqn0LWk7xmnLO/CfZwtY=,ZctkzwOc76PSo/o7rg5vRCsBWxw=
-2,52,uhHhp34gBvrXY3zRaajcJaFZ0nw=,QjBB12g24nTPyHOWpbnGWNdBZcY=
-3,51,zD62mVRwqn0LWk7xmnLO/CfZwtY=,ZctkzwOc76PSo/o7rg5vRCsBWxw=
-3,52,uhHhp34gBvrXY3zRaajcJaFZ0nw=,QjBB12g24nTPyHOWpbnGWNdBZcY=
-3,57,LgjG5+466aekFNSBADuWOwRwZYY=,xmU3f666HHrN/8zXwlKbaxaHnu0=
-5,57,uhHhp34gBvrXY3zRaajcJaFZ0nw=,EuKLjFgojUyFpULewwcyX200aso=
-6,57,uhHhp34gBvrXY3zRaajcJaFZ0nw=,EuKLjFgojUyFpULewwcyX200aso=
-5,56,uhHhp34gBvrXY3zRaajcJaFZ0nw=,EuKLjFgojUyFpULewwcyX200aso=
-4,56,LgjG5+466aekFNSBADuWOwRwZYY=,xmU3f666HHrN/8zXwlKbaxaHnu0=
-3,56,LgjG5+466aekFNSBADuWOwRwZYY=,xmU3f666HHrN/8zXwlKbaxaHnu0=
-4,57,LgjG5+466aekFNSBADuWOwRwZYY=,xmU3f666HHrN/8zXwlKbaxaHnu0=
-14,63,uhHhp34gBvrXY3zRaajcJaFZ0nw=,ISz+jaDl8nw9IYhtwJbpjrpIYrA=
-15,63,uhHhp34gBvrXY3zRaajcJaFZ0nw=,ISz+jaDl8nw9IYhtwJbpjrpIYrA=
-13,63,uhHhp34gBvrXY3zRaajcJaFZ0nw=,ISz+jaDl8nw9IYhtwJbpjrpIYrA=
-12,63,LgjG5+466aekFNSBADuWOwRwZYY=,OuTCmixRrEEU2dVNYxlZEU+MYb8=
-11,63,LgjG5+466aekFNSBADuWOwRwZYY=,OuTCmixRrEEU2dVNYxlZEU+MYb8=
-10,63,LgjG5+466aekFNSBADuWOwRwZYY=,OuTCmixRrEEU2dVNYxlZEU+MYb8=
-4,59,LgjG5+466aekFNSBADuWOwRwZYY=,xmU3f666HHrN/8zXwlKbaxaHnu0=
-9,59,uhHhp34gBvrXY3zRaajcJaFZ0nw=,0rFeK9iKHyJOenL2sRfZoWHtOhI=
-6,59,uhHhp34gBvrXY3zRaajcJaFZ0nw=,EuKLjFgojUyFpULewwcyX200aso=
-5,59,uhHhp34gBvrXY3zRaajcJaFZ0nw=,EuKLjFgojUyFpULewwcyX200aso=
-9,62,LgjG5+466aekFNSBADuWOwRwZYY=,OuTCmixRrEEU2dVNYxlZEU+MYb8=
-9,60,LgjG5+466aekFNSBADuWOwRwZYY=,OuTCmixRrEEU2dVNYxlZEU+MYb8=
-7,59,uhHhp34gBvrXY3zRaajcJaFZ0nw=,EuKLjFgojUyFpULewwcyX200aso=
-9,61,LgjG5+466aekFNSBADuWOwRwZYY=,OuTCmixRrEEU2dVNYxlZEU+MYb8=
-8,59,uhHhp34gBvrXY3zRaajcJaFZ0nw=,EuKLjFgojUyFpULewwcyX200aso=
-9,63,LgjG5+466aekFNSBADuWOwRwZYY=,OuTCmixRrEEU2dVNYxlZEU+MYb8=
-1,59,LgjG5+466aekFNSBADuWOwRwZYY=,xmU3f666HHrN/8zXwlKbaxaHnu0=
-10,56,uhHhp34gBvrXY3zRaajcJaFZ0nw=,0rFeK9iKHyJOenL2sRfZoWHtOhI=
-8,56,uhHhp34gBvrXY3zRaajcJaFZ0nw=,EuKLjFgojUyFpULewwcyX200aso=
-9,56,uhHhp34gBvrXY3zRaajcJaFZ0nw=,0rFeK9iKHyJOenL2sRfZoWHtOhI=
-11,56,uhHhp34gBvrXY3zRaajcJaFZ0nw=,0rFeK9iKHyJOenL2sRfZoWHtOhI=
-8,58,uhHhp34gBvrXY3zRaajcJaFZ0nw=,EuKLjFgojUyFpULewwcyX200aso=
-7,57,uhHhp34gBvrXY3zRaajcJaFZ0nw=,EuKLjFgojUyFpULewwcyX200aso=
-7,58,uhHhp34gBvrXY3zRaajcJaFZ0nw=,EuKLjFgojUyFpULewwcyX200aso=
-1,54,uhHhp34gBvrXY3zRaajcJaFZ0nw=,QjBB12g24nTPyHOWpbnGWNdBZcY=
-10,58,uhHhp34gBvrXY3zRaajcJaFZ0nw=,0rFeK9iKHyJOenL2sRfZoWHtOhI=
-1,55,uhHhp34gBvrXY3zRaajcJaFZ0nw=,QjBB12g24nTPyHOWpbnGWNdBZcY=
-1,53,uhHhp34gBvrXY3zRaajcJaFZ0nw=,QjBB12g24nTPyHOWpbnGWNdBZcY=
-16,58,uhHhp34gBvrXY3zRaajcJaFZ0nw=,h7j3dRqXhG7ulV56w5Hz6YG+IvE=
-16,57,uhHhp34gBvrXY3zRaajcJaFZ0nw=,h7j3dRqXhG7ulV56w5Hz6YG+IvE=
-6,58,uhHhp34gBvrXY3zRaajcJaFZ0nw=,EuKLjFgojUyFpULewwcyX200aso=
-2,55,uhHhp34gBvrXY3zRaajcJaFZ0nw=,QjBB12g24nTPyHOWpbnGWNdBZcY=
-10,57,uhHhp34gBvrXY3zRaajcJaFZ0nw=,0rFeK9iKHyJOenL2sRfZoWHtOhI=
-8,57,uhHhp34gBvrXY3zRaajcJaFZ0nw=,EuKLjFgojUyFpULewwcyX200aso=
-9,58,uhHhp34gBvrXY3zRaajcJaFZ0nw=,0rFeK9iKHyJOenL2sRfZoWHtOhI=
-9,57,uhHhp34gBvrXY3zRaajcJaFZ0nw=,0rFeK9iKHyJOenL2sRfZoWHtOhI=
-1,49,zD62mVRwqn0LWk7xmnLO/CfZwtY=,ZctkzwOc76PSo/o7rg5vRCsBWxw=
-1,50,zD62mVRwqn0LWk7xmnLO/CfZwtY=,ZctkzwOc76PSo/o7rg5vRCsBWxw=
-14,56,uhHhp34gBvrXY3zRaajcJaFZ0nw=,h7j3dRqXhG7ulV56w5Hz6YG+IvE=
-15,56,uhHhp34gBvrXY3zRaajcJaFZ0nw=,h7j3dRqXhG7ulV56w5Hz6YG+IvE=
-13,56,uhHhp34gBvrXY3zRaajcJaFZ0nw=,h7j3dRqXhG7ulV56w5Hz6YG+IvE=
-12,56,uhHhp34gBvrXY3zRaajcJaFZ0nw=,0rFeK9iKHyJOenL2sRfZoWHtOhI=
-16,56,uhHhp34gBvrXY3zRaajcJaFZ0nw=,h7j3dRqXhG7ulV56w5Hz6YG+IvE=
-16,59,uhHhp34gBvrXY3zRaajcJaFZ0nw=,h7j3dRqXhG7ulV56w5Hz6YG+IvE=
-16,60,uhHhp34gBvrXY3zRaajcJaFZ0nw=,ISz+jaDl8nw9IYhtwJbpjrpIYrA=
-16,63,uhHhp34gBvrXY3zRaajcJaFZ0nw=,ISz+jaDl8nw9IYhtwJbpjrpIYrA=
-1,57,LgjG5+466aekFNSBADuWOwRwZYY=,xmU3f666HHrN/8zXwlKbaxaHnu0=
-15,62,uhHhp34gBvrXY3zRaajcJaFZ0nw=,ISz+jaDl8nw9IYhtwJbpjrpIYrA=
-4,48,zD62mVRwqn0LWk7xmnLO/CfZwtY=,ZctkzwOc76PSo/o7rg5vRCsBWxw=
-11,57,uhHhp34gBvrXY3zRaajcJaFZ0nw=,0rFeK9iKHyJOenL2sRfZoWHtOhI=
-4,49,zD62mVRwqn0LWk7xmnLO/CfZwtY=,ZctkzwOc76PSo/o7rg5vRCsBWxw=
-1,48,zD62mVRwqn0LWk7xmnLO/CfZwtY=,ZctkzwOc76PSo/o7rg5vRCsBWxw=
-2,57,LgjG5+466aekFNSBADuWOwRwZYY=,xmU3f666HHrN/8zXwlKbaxaHnu0=
-2,49,zD62mVRwqn0LWk7xmnLO/CfZwtY=,ZctkzwOc76PSo/o7rg5vRCsBWxw=
-15,60,uhHhp34gBvrXY3zRaajcJaFZ0nw=,ISz+jaDl8nw9IYhtwJbpjrpIYrA=
-1,51,zD62mVRwqn0LWk7xmnLO/CfZwtY=,ZctkzwOc76PSo/o7rg5vRCsBWxw=
-16,62,uhHhp34gBvrXY3zRaajcJaFZ0nw=,ISz+jaDl8nw9IYhtwJbpjrpIYrA=
-16,61,uhHhp34gBvrXY3zRaajcJaFZ0nw=,ISz+jaDl8nw9IYhtwJbpjrpIYrA=
-1,56,LgjG5+466aekFNSBADuWOwRwZYY=,xmU3f666HHrN/8zXwlKbaxaHnu0=
-3,49,zD62mVRwqn0LWk7xmnLO/CfZwtY=,ZctkzwOc76PSo/o7rg5vRCsBWxw=
-15,61,uhHhp34gBvrXY3zRaajcJaFZ0nw=,ISz+jaDl8nw9IYhtwJbpjrpIYrA=
-1,52,uhHhp34gBvrXY3zRaajcJaFZ0nw=,QjBB12g24nTPyHOWpbnGWNdBZcY=
-2,48,zD62mVRwqn0LWk7xmnLO/CfZwtY=,ZctkzwOc76PSo/o7rg5vRCsBWxw=
-2,56,LgjG5+466aekFNSBADuWOwRwZYY=,xmU3f666HHrN/8zXwlKbaxaHnu0=
-3,48,zD62mVRwqn0LWk7xmnLO/CfZwtY=,ZctkzwOc76PSo/o7rg5vRCsBWxw=
-4,42,zD62mVRwqn0LWk7xmnLO/CfZwtY=,8nKkoz+lPK/j5ZcHL8DGChYy1VM=
-1,42,zD62mVRwqn0LWk7xmnLO/CfZwtY=,8nKkoz+lPK/j5ZcHL8DGChYy1VM=
-4,41,zD62mVRwqn0LWk7xmnLO/CfZwtY=,8nKkoz+lPK/j5ZcHL8DGChYy1VM=
-3,41,zD62mVRwqn0LWk7xmnLO/CfZwtY=,8nKkoz+lPK/j5ZcHL8DGChYy1VM=
-1,41,zD62mVRwqn0LWk7xmnLO/CfZwtY=,8nKkoz+lPK/j5ZcHL8DGChYy1VM=
-4,37,zD62mVRwqn0LWk7xmnLO/CfZwtY=,F/pkPmUykawj37Bx36JaTHW4els=
-3,37,zD62mVRwqn0LWk7xmnLO/CfZwtY=,F/pkPmUykawj37Bx36JaTHW4els=
-3,36,zD62mVRwqn0LWk7xmnLO/CfZwtY=,F/pkPmUykawj37Bx36JaTHW4els=
-4,36,zD62mVRwqn0LWk7xmnLO/CfZwtY=,F/pkPmUykawj37Bx36JaTHW4els=
-3,40,zD62mVRwqn0LWk7xmnLO/CfZwtY=,8nKkoz+lPK/j5ZcHL8DGChYy1VM=
-4,39,zD62mVRwqn0LWk7xmnLO/CfZwtY=,F/pkPmUykawj37Bx36JaTHW4els=
-4,38,zD62mVRwqn0LWk7xmnLO/CfZwtY=,F/pkPmUykawj37Bx36JaTHW4els=
-4,40,zD62mVRwqn0LWk7xmnLO/CfZwtY=,8nKkoz+lPK/j5ZcHL8DGChYy1VM=
-1,40,zD62mVRwqn0LWk7xmnLO/CfZwtY=,8nKkoz+lPK/j5ZcHL8DGChYy1VM=
-3,38,zD62mVRwqn0LWk7xmnLO/CfZwtY=,F/pkPmUykawj37Bx36JaTHW4els=
-2,41,zD62mVRwqn0LWk7xmnLO/CfZwtY=,8nKkoz+lPK/j5ZcHL8DGChYy1VM=
-1,37,zD62mVRwqn0LWk7xmnLO/CfZwtY=,F/pkPmUykawj37Bx36JaTHW4els=
-1,39,zD62mVRwqn0LWk7xmnLO/CfZwtY=,F/pkPmUykawj37Bx36JaTHW4els=
-1,38,zD62mVRwqn0LWk7xmnLO/CfZwtY=,F/pkPmUykawj37Bx36JaTHW4els=
-4,45,zD62mVRwqn0LWk7xmnLO/CfZwtY=,jVFFTCx0/YiBXkRQz+A2gZrhBr8=
-4,46,zD62mVRwqn0LWk7xmnLO/CfZwtY=,jVFFTCx0/YiBXkRQz+A2gZrhBr8=
-4,44,zD62mVRwqn0LWk7xmnLO/CfZwtY=,jVFFTCx0/YiBXkRQz+A2gZrhBr8=
-3,46,zD62mVRwqn0LWk7xmnLO/CfZwtY=,jVFFTCx0/YiBXkRQz+A2gZrhBr8=
-1,36,zD62mVRwqn0LWk7xmnLO/CfZwtY=,F/pkPmUykawj37Bx36JaTHW4els=
-1,44,zD62mVRwqn0LWk7xmnLO/CfZwtY=,jVFFTCx0/YiBXkRQz+A2gZrhBr8=
-4,43,zD62mVRwqn0LWk7xmnLO/CfZwtY=,8nKkoz+lPK/j5ZcHL8DGChYy1VM=
-3,39,zD62mVRwqn0LWk7xmnLO/CfZwtY=,F/pkPmUykawj37Bx36JaTHW4els=
-1,43,zD62mVRwqn0LWk7xmnLO/CfZwtY=,8nKkoz+lPK/j5ZcHL8DGChYy1VM=
-3,42,zD62mVRwqn0LWk7xmnLO/CfZwtY=,8nKkoz+lPK/j5ZcHL8DGChYy1VM=
-2,40,zD62mVRwqn0LWk7xmnLO/CfZwtY=,8nKkoz+lPK/j5ZcHL8DGChYy1VM=
-4,47,zD62mVRwqn0LWk7xmnLO/CfZwtY=,jVFFTCx0/YiBXkRQz+A2gZrhBr8=
-3,45,zD62mVRwqn0LWk7xmnLO/CfZwtY=,jVFFTCx0/YiBXkRQz+A2gZrhBr8=
-3,44,zD62mVRwqn0LWk7xmnLO/CfZwtY=,jVFFTCx0/YiBXkRQz+A2gZrhBr8=
-3,43,zD62mVRwqn0LWk7xmnLO/CfZwtY=,8nKkoz+lPK/j5ZcHL8DGChYy1VM=
-2,36,zD62mVRwqn0LWk7xmnLO/CfZwtY=,F/pkPmUykawj37Bx36JaTHW4els=
-2,42,zD62mVRwqn0LWk7xmnLO/CfZwtY=,8nKkoz+lPK/j5ZcHL8DGChYy1VM=
-2,37,zD62mVRwqn0LWk7xmnLO/CfZwtY=,F/pkPmUykawj37Bx36JaTHW4els=
-2,45,zD62mVRwqn0LWk7xmnLO/CfZwtY=,jVFFTCx0/YiBXkRQz+A2gZrhBr8=
-2,38,zD62mVRwqn0LWk7xmnLO/CfZwtY=,F/pkPmUykawj37Bx36JaTHW4els=
-2,43,zD62mVRwqn0LWk7xmnLO/CfZwtY=,8nKkoz+lPK/j5ZcHL8DGChYy1VM=
-1,47,zD62mVRwqn0LWk7xmnLO/CfZwtY=,jVFFTCx0/YiBXkRQz+A2gZrhBr8=
-2,47,zD62mVRwqn0LWk7xmnLO/CfZwtY=,jVFFTCx0/YiBXkRQz+A2gZrhBr8=
-2,44,zD62mVRwqn0LWk7xmnLO/CfZwtY=,jVFFTCx0/YiBXkRQz+A2gZrhBr8=
-1,45,zD62mVRwqn0LWk7xmnLO/CfZwtY=,jVFFTCx0/YiBXkRQz+A2gZrhBr8=
-3,47,zD62mVRwqn0LWk7xmnLO/CfZwtY=,jVFFTCx0/YiBXkRQz+A2gZrhBr8=
-1,46,zD62mVRwqn0LWk7xmnLO/CfZwtY=,jVFFTCx0/YiBXkRQz+A2gZrhBr8=
-2,46,zD62mVRwqn0LWk7xmnLO/CfZwtY=,jVFFTCx0/YiBXkRQz+A2gZrhBr8=
-2,39,zD62mVRwqn0LWk7xmnLO/CfZwtY=,F/pkPmUykawj37Bx36JaTHW4els=
-20,60,gSbGjbS7E+iKpTRC9Y1fKWTEyu8=,f46cg9LrlZY+HWJiwq9KAhS7iNo=
-18,61,gSbGjbS7E+iKpTRC9Y1fKWTEyu8=,f46cg9LrlZY+HWJiwq9KAhS7iNo=
-19,60,gSbGjbS7E+iKpTRC9Y1fKWTEyu8=,f46cg9LrlZY+HWJiwq9KAhS7iNo=
-19,62,gSbGjbS7E+iKpTRC9Y1fKWTEyu8=,f46cg9LrlZY+HWJiwq9KAhS7iNo=
-20,62,gSbGjbS7E+iKpTRC9Y1fKWTEyu8=,f46cg9LrlZY+HWJiwq9KAhS7iNo=
-19,61,gSbGjbS7E+iKpTRC9Y1fKWTEyu8=,f46cg9LrlZY+HWJiwq9KAhS7iNo=
-20,61,gSbGjbS7E+iKpTRC9Y1fKWTEyu8=,f46cg9LrlZY+HWJiwq9KAhS7iNo=
-18,60,gSbGjbS7E+iKpTRC9Y1fKWTEyu8=,f46cg9LrlZY+HWJiwq9KAhS7iNo=
-20,63,gSbGjbS7E+iKpTRC9Y1fKWTEyu8=,f46cg9LrlZY+HWJiwq9KAhS7iNo=
-17,61,gSbGjbS7E+iKpTRC9Y1fKWTEyu8=,f46cg9LrlZY+HWJiwq9KAhS7iNo=
-17,60,gSbGjbS7E+iKpTRC9Y1fKWTEyu8=,f46cg9LrlZY+HWJiwq9KAhS7iNo=
-18,62,gSbGjbS7E+iKpTRC9Y1fKWTEyu8=,f46cg9LrlZY+HWJiwq9KAhS7iNo=
-19,63,gSbGjbS7E+iKpTRC9Y1fKWTEyu8=,f46cg9LrlZY+HWJiwq9KAhS7iNo=
-17,63,gSbGjbS7E+iKpTRC9Y1fKWTEyu8=,f46cg9LrlZY+HWJiwq9KAhS7iNo=
-17,62,gSbGjbS7E+iKpTRC9Y1fKWTEyu8=,f46cg9LrlZY+HWJiwq9KAhS7iNo=
-18,63,gSbGjbS7E+iKpTRC9Y1fKWTEyu8=,f46cg9LrlZY+HWJiwq9KAhS7iNo=
-2,61,LgjG5+466aekFNSBADuWOwRwZYY=,aumKq9kIQJ9NsTcDWSamlP+3xrM=
-7,61,LgjG5+466aekFNSBADuWOwRwZYY=,M2UGvkBAQO3FML1iC7sLUyEeRKk=
-7,60,LgjG5+466aekFNSBADuWOwRwZYY=,M2UGvkBAQO3FML1iC7sLUyEeRKk=
-4,62,LgjG5+466aekFNSBADuWOwRwZYY=,aumKq9kIQJ9NsTcDWSamlP+3xrM=
-6,60,LgjG5+466aekFNSBADuWOwRwZYY=,M2UGvkBAQO3FML1iC7sLUyEeRKk=
-3,62,LgjG5+466aekFNSBADuWOwRwZYY=,aumKq9kIQJ9NsTcDWSamlP+3xrM=
-2,62,LgjG5+466aekFNSBADuWOwRwZYY=,aumKq9kIQJ9NsTcDWSamlP+3xrM=
-8,61,LgjG5+466aekFNSBADuWOwRwZYY=,M2UGvkBAQO3FML1iC7sLUyEeRKk=
-8,62,LgjG5+466aekFNSBADuWOwRwZYY=,M2UGvkBAQO3FML1iC7sLUyEeRKk=
-8,60,LgjG5+466aekFNSBADuWOwRwZYY=,M2UGvkBAQO3FML1iC7sLUyEeRKk=
-2,63,LgjG5+466aekFNSBADuWOwRwZYY=,aumKq9kIQJ9NsTcDWSamlP+3xrM=
-3,63,LgjG5+466aekFNSBADuWOwRwZYY=,aumKq9kIQJ9NsTcDWSamlP+3xrM=
-5,60,LgjG5+466aekFNSBADuWOwRwZYY=,M2UGvkBAQO3FML1iC7sLUyEeRKk=
-3,61,LgjG5+466aekFNSBADuWOwRwZYY=,aumKq9kIQJ9NsTcDWSamlP+3xrM=
-5,63,LgjG5+466aekFNSBADuWOwRwZYY=,M2UGvkBAQO3FML1iC7sLUyEeRKk=
-4,63,LgjG5+466aekFNSBADuWOwRwZYY=,aumKq9kIQJ9NsTcDWSamlP+3xrM=
-6,61,LgjG5+466aekFNSBADuWOwRwZYY=,M2UGvkBAQO3FML1iC7sLUyEeRKk=
-6,63,LgjG5+466aekFNSBADuWOwRwZYY=,M2UGvkBAQO3FML1iC7sLUyEeRKk=
-5,61,LgjG5+466aekFNSBADuWOwRwZYY=,M2UGvkBAQO3FML1iC7sLUyEeRKk=
-4,61,LgjG5+466aekFNSBADuWOwRwZYY=,aumKq9kIQJ9NsTcDWSamlP+3xrM=
-5,62,LgjG5+466aekFNSBADuWOwRwZYY=,M2UGvkBAQO3FML1iC7sLUyEeRKk=
-4,60,LgjG5+466aekFNSBADuWOwRwZYY=,aumKq9kIQJ9NsTcDWSamlP+3xrM=
-3,60,LgjG5+466aekFNSBADuWOwRwZYY=,aumKq9kIQJ9NsTcDWSamlP+3xrM=
-7,62,LgjG5+466aekFNSBADuWOwRwZYY=,M2UGvkBAQO3FML1iC7sLUyEeRKk=
-1,63,LgjG5+466aekFNSBADuWOwRwZYY=,aumKq9kIQJ9NsTcDWSamlP+3xrM=
-1,62,LgjG5+466aekFNSBADuWOwRwZYY=,aumKq9kIQJ9NsTcDWSamlP+3xrM=
-8,63,LgjG5+466aekFNSBADuWOwRwZYY=,M2UGvkBAQO3FML1iC7sLUyEeRKk=
-7,63,LgjG5+466aekFNSBADuWOwRwZYY=,M2UGvkBAQO3FML1iC7sLUyEeRKk=
-6,62,LgjG5+466aekFNSBADuWOwRwZYY=,M2UGvkBAQO3FML1iC7sLUyEeRKk=
-1,61,LgjG5+466aekFNSBADuWOwRwZYY=,aumKq9kIQJ9NsTcDWSamlP+3xrM=
-2,60,LgjG5+466aekFNSBADuWOwRwZYY=,aumKq9kIQJ9NsTcDWSamlP+3xrM=
-1,60,LgjG5+466aekFNSBADuWOwRwZYY=,aumKq9kIQJ9NsTcDWSamlP+3xrM=
-4,33,zD62mVRwqn0LWk7xmnLO/CfZwtY=,IoptsZ/kKtuL0GZA56sdMO5hcAo=
-2,34,zD62mVRwqn0LWk7xmnLO/CfZwtY=,IoptsZ/kKtuL0GZA56sdMO5hcAo=
-4,34,zD62mVRwqn0LWk7xmnLO/CfZwtY=,IoptsZ/kKtuL0GZA56sdMO5hcAo=
-3,33,zD62mVRwqn0LWk7xmnLO/CfZwtY=,IoptsZ/kKtuL0GZA56sdMO5hcAo=
-3,34,zD62mVRwqn0LWk7xmnLO/CfZwtY=,IoptsZ/kKtuL0GZA56sdMO5hcAo=
-2,33,zD62mVRwqn0LWk7xmnLO/CfZwtY=,IoptsZ/kKtuL0GZA56sdMO5hcAo=
-3,32,zD62mVRwqn0LWk7xmnLO/CfZwtY=,IoptsZ/kKtuL0GZA56sdMO5hcAo=
-2,32,zD62mVRwqn0LWk7xmnLO/CfZwtY=,IoptsZ/kKtuL0GZA56sdMO5hcAo=
-4,32,zD62mVRwqn0LWk7xmnLO/CfZwtY=,IoptsZ/kKtuL0GZA56sdMO5hcAo=
-2,35,zD62mVRwqn0LWk7xmnLO/CfZwtY=,IoptsZ/kKtuL0GZA56sdMO5hcAo=
-3,35,zD62mVRwqn0LWk7xmnLO/CfZwtY=,IoptsZ/kKtuL0GZA56sdMO5hcAo=
-4,35,zD62mVRwqn0LWk7xmnLO/CfZwtY=,IoptsZ/kKtuL0GZA56sdMO5hcAo=
-1,32,zD62mVRwqn0LWk7xmnLO/CfZwtY=,IoptsZ/kKtuL0GZA56sdMO5hcAo=
-1,33,zD62mVRwqn0LWk7xmnLO/CfZwtY=,IoptsZ/kKtuL0GZA56sdMO5hcAo=
-1,34,zD62mVRwqn0LWk7xmnLO/CfZwtY=,IoptsZ/kKtuL0GZA56sdMO5hcAo=
-1,35,zD62mVRwqn0LWk7xmnLO/CfZwtY=,IoptsZ/kKtuL0GZA56sdMO5hcAo=
