5,4,qZPBl/OTB8eidXMT4mTyD5PPX2I=,rBw7ksTW3g74k/Hczgm7kzc3eBc=
6,6,qZPBl/OTB8eidXMT4mTyD5PPX2I=,rBw7ksTW3g74k/Hczgm7kzc3eBc=
5,6,e9Rxk3gq/+fJyAr5Lgu/K908KF8=,rBw7ksTW3g74k/Hczgm7kzc3eBc=
6,5,qZPBl/OTB8eidXMT4mTyD5PPX2I=,rBw7ksTW3g74k/Hczgm7kzc3eBc=
5,5,qZPBl/OTB8eidXMT4mTyD5PPX2I=,rBw7ksTW3g74k/Hczgm7kzc3eBc=
6,4,qZPBl/OTB8eidXMT4mTyD5PPX2I=,rBw7ksTW3g74k/Hczgm7kzc3eBc=
6,7,qZPBl/OTB8eidXMT4mTyD5PPX2I=,rBw7ksTW3g74k/Hczgm7kzc3eBc=
5,7,e9Rxk3gq/+fJyAr5Lgu/K908KF8=,rBw7ksTW3g74k/Hczgm7kzc3eBc=
4,7,e9Rxk3gq/+fJyAr5Lgu/K908KF8=,rBw7ksTW3g74k/Hczgm7kzc3eBc=
1,7,+XIRil1k144fXQsIPs7YT/YCfW0=,wWZDk8gS/7bzSl7wlSaRf8lPvI0=
2,7,+XIRil1k144fXQsIPs7YT/YCfW0=,wWZDk8gS/7bzSl7wlSaRf8lPvI0=
3,7,sDkU1UIgWFiLmEcLp4tMyKeaR9E=,wWZDk8gS/7bzSl7wlSaRf8lPvI0=
0,7,+XIRil1k144fXQsIPs7YT/YCfW0=,wWZDk8gS/7bzSl7wlSaRf8lPvI0=
0,5,+XIRil1k144fXQsIPs7YT/YCfW0=,wWZDk8gS/7bzSl7wlSaRf8lPvI0=
4,6,e9Rxk3gq/+fJyAr5Lgu/K908KF8=,rBw7ksTW3g74k/Hczgm7kzc3eBc=
1,6,+XIRil1k144fXQsIPs7YT/YCfW0=,wWZDk8gS/7bzSl7wlSaRf8lPvI0=
0,6,+XIRil1k144fXQsIPs7YT/YCfW0=,wWZDk8gS/7bzSl7wlSaRf8lPvI0=
7,5,qZPBl/OTB8eidXMT4mTyD5PPX2I=,rBw7ksTW3g74k/Hczgm7kzc3eBc=
7,6,qZPBl/OTB8eidXMT4mTyD5PPX2I=,rBw7ksTW3g74k/Hczgm7kzc3eBc=
7,4,qZPBl/OTB8eidXMT4mTyD5PPX2I=,rBw7ksTW3g74k/Hczgm7kzc3eBc=
7,7,qZPBl/OTB8eidXMT4mTyD5PPX2I=,rBw7ksTW3g74k/Hczgm7kzc3eBc=
2,6,+XIRil1k144fXQsIPs7YT/YCfW0=,wWZDk8gS/7bzSl7wlSaRf8lPvI0=
3,6,sDkU1UIgWFiLmEcLp4tMyKeaR9E=,wWZDk8gS/7bzSl7wlSaRf8lPvI0=
0,4,+XIRil1k144fXQsIPs7YT/YCfW0=,wWZDk8gS/7bzSl7wlSaRf8lPvI0=
4,4,qZPBl/OTB8eidXMT4mTyD5PPX2I=,rBw7ksTW3g74k/Hczgm7kzc3eBc=
0,1,+XIRil1k144fXQsIPs7YT/YCfW0=,ZesI0S6HJ+/cYkCAwnh0hm3hy2U=
1,5,+XIRil1k144fXQsIPs7YT/YCfW0=,wWZDk8gS/7bzSl7wlSaRf8lPvI0=
4,5,qZPBl/OTB8eidXMT4mTyD5PPX2I=,rBw7ksTW3g74k/Hczgm7kzc3eBc=
0,3,+XIRil1k144fXQsIPs7YT/YCfW0=,ZesI0S6HJ+/cYkCAwnh0hm3hy2U=
3,2,+XIRil1k144fXQsIPs7YT/YCfW0=,ZesI0S6HJ+/cYkCAwnh0hm3hy2U=
3,4,sDkU1UIgWFiLmEcLp4tMyKeaR9E=,wWZDk8gS/7bzSl7wlSaRf8lPvI0=
3,3,+XIRil1k144fXQsIPs7YT/YCfW0=,ZesI0S6HJ+/cYkCAwnh0hm3hy2U=
1,4,+XIRil1k144fXQsIPs7YT/YCfW0=,wWZDk8gS/7bzSl7wlSaRf8lPvI0=
0,2,+XIRil1k144fXQsIPs7YT/YCfW0=,ZesI0S6HJ+/cYkCAwnh0hm3hy2U=
2,2,sDkU1UIgWFiLmEcLp4tMyKeaR9E=,ZesI0S6HJ+/cYkCAwnh0hm3hy2U=
1,3,+XIRil1k144fXQsIPs7YT/YCfW0=,ZesI0S6HJ+/cYkCAwnh0hm3hy2U=
3,0,+XIRil1k144fXQsIPs7YT/YCfW0=,ZesI0S6HJ+/cYkCAwnh0hm3hy2U=
1,0,+XIRil1k144fXQsIPs7YT/YCfW0=,ZesI0S6HJ+/cYkCAwnh0hm3hy2U=
3,1,+XIRil1k144fXQsIPs7YT/YCfW0=,ZesI0S6HJ+/cYkCAwnh0hm3hy2U=
1,1,+XIRil1k144fXQsIPs7YT/YCfW0=,ZesI0S6HJ+/cYkCAwnh0hm3hy2U=
1,2,+XIRil1k144fXQsIPs7YT/YCfW0=,ZesI0S6HJ+/cYkCAwnh0hm3hy2U=
2,1,+XIRil1k144fXQsIPs7YT/YCfW0=,ZesI0S6HJ+/cYkCAwnh0hm3hy2U=
2,4,sDkU1UIgWFiLmEcLp4tMyKeaR9E=,wWZDk8gS/7bzSl7wlSaRf8lPvI0=
2,3,sDkU1UIgWFiLmEcLp4tMyKeaR9E=,ZesI0S6HJ+/cYkCAwnh0hm3hy2U=
3,5,sDkU1UIgWFiLmEcLp4tMyKeaR9E=,wWZDk8gS/7bzSl7wlSaRf8lPvI0=
2,5,sDkU1UIgWFiLmEcLp4tMyKeaR9E=,wWZDk8gS/7bzSl7wlSaRf8lPvI0=
0,0,+XIRil1k144fXQsIPs7YT/YCfW0=,ZesI0S6HJ+/cYkCAwnh0hm3hy2U=
2,0,+XIRil1k144fXQsIPs7YT/YCfW0=,ZesI0S6HJ+/cYkCAwnh0hm3hy2U=
6,3,6O4dAsf6APdCJ+Ev5Rto8MfAJk4=,6U5t/ydyZDhqnoO33IoTC1wRVWw=
5,3,6O4dAsf6APdCJ+Ev5Rto8MfAJk4=,6U5t/ydyZDhqnoO33IoTC1wRVWw=
6,2,6O4dAsf6APdCJ+Ev5Rto8MfAJk4=,6U5t/ydyZDhqnoO33IoTC1wRVWw=
5,2,6O4dAsf6APdCJ+Ev5Rto8MfAJk4=,6U5t/ydyZDhqnoO33IoTC1wRVWw=
6,1,6O4dAsf6APdCJ+Ev5Rto8MfAJk4=,6U5t/ydyZDhqnoO33IoTC1wRVWw=
5,1,6O4dAsf6APdCJ+Ev5Rto8MfAJk4=,6U5t/ydyZDhqnoO33IoTC1wRVWw=
7,3,6O4dAsf6APdCJ+Ev5Rto8MfAJk4=,6U5t/ydyZDhqnoO33IoTC1wRVWw=
7,2,6O4dAsf6APdCJ+Ev5Rto8MfAJk4=,6U5t/ydyZDhqnoO33IoTC1wRVWw=
7,1,6O4dAsf6APdCJ+Ev5Rto8MfAJk4=,6U5t/ydyZDhqnoO33IoTC1wRVWw=
5,0,6O4dAsf6APdCJ+Ev5Rto8MfAJk4=,6U5t/ydyZDhqnoO33IoTC1wRVWw=
6,0,6O4dAsf6APdCJ+Ev5Rto8MfAJk4=,6U5t/ydyZDhqnoO33IoTC1wRVWw=
7,0,6O4dAsf6APdCJ+Ev5Rto8MfAJk4=,6U5t/ydyZDhqnoO33IoTC1wRVWw=
4,0,6O4dAsf6APdCJ+Ev5Rto8MfAJk4=,6U5t/ydyZDhqnoO33IoTC1wRVWw=
4,1,6O4dAsf6APdCJ+Ev5Rto8MfAJk4=,6U5t/ydyZDhqnoO33IoTC1wRVWw=
4,2,6O4dAsf6APdCJ+Ev5Rto8MfAJk4=,6U5t/ydyZDhqnoO33IoTC1wRVWw=
4,3,6O4dAsf6APdCJ+Ev5Rto8MfAJk4=,6U5t/ydyZDhqnoO33IoTC1wRVWw=
1,14,+XIRil1k144fXQsIPs7YT/YCfW0=,r1Ro7uN2kwcQAQQrlz85/HDK5CQ=
2,13,sDkU1UIgWFiLmEcLp4tMyKeaR9E=,r1Ro7uN2kwcQAQQrlz85/HDK5CQ=
2,14,+XIRil1k144fXQsIPs7YT/YCfW0=,r1Ro7uN2kwcQAQQrlz85/HDK5CQ=
1,13,+XIRil1k144fXQsIPs7YT/YCfW0=,r1Ro7uN2kwcQAQQrlz85/HDK5CQ=
5,14,qZPBl/OTB8eidXMT4mTyD5PPX2I=,w6kyHHrrTOUA7LPfyVB7hOQnWAU=
6,14,e9Rxk3gq/+fJyAr5Lgu/K908KF8=,w6kyHHrrTOUA7LPfyVB7hOQnWAU=
4,13,e9Rxk3gq/+fJyAr5Lgu/K908KF8=,w6kyHHrrTOUA7LPfyVB7hOQnWAU=
3,14,+XIRil1k144fXQsIPs7YT/YCfW0=,r1Ro7uN2kwcQAQQrlz85/HDK5CQ=
5,13,e9Rxk3gq/+fJyAr5Lgu/K908KF8=,w6kyHHrrTOUA7LPfyVB7hOQnWAU=
6,13,qZPBl/OTB8eidXMT4mTyD5PPX2I=,w6kyHHrrTOUA7LPfyVB7hOQnWAU=
4,14,qZPBl/OTB8eidXMT4mTyD5PPX2I=,w6kyHHrrTOUA7LPfyVB7hOQnWAU=
3,13,sDkU1UIgWFiLmEcLp4tMyKeaR9E=,r1Ro7uN2kwcQAQQrlz85/HDK5CQ=
1,12,+XIRil1k144fXQsIPs7YT/YCfW0=,r1Ro7uN2kwcQAQQrlz85/HDK5CQ=
2,12,sDkU1UIgWFiLmEcLp4tMyKeaR9E=,r1Ro7uN2kwcQAQQrlz85/HDK5CQ=
1,11,+XIRil1k144fXQsIPs7YT/YCfW0=,UJXkpWJYfe0PaxQ98wVbf24a0zQ=
6,12,qZPBl/OTB8eidXMT4mTyD5PPX2I=,w6kyHHrrTOUA7LPfyVB7hOQnWAU=
5,12,e9Rxk3gq/+fJyAr5Lgu/K908KF8=,w6kyHHrrTOUA7LPfyVB7hOQnWAU=
10,9,e9Rxk3gq/+fJyAr5Lgu/K908KF8=,fbEFSkJOdKTt03TJTX55n3TiMbQ=
3,12,+XIRil1k144fXQsIPs7YT/YCfW0=,r1Ro7uN2kwcQAQQrlz85/HDK5CQ=
4,12,e9Rxk3gq/+fJyAr5Lgu/K908KF8=,w6kyHHrrTOUA7LPfyVB7hOQnWAU=
2,10,sDkU1UIgWFiLmEcLp4tMyKeaR9E=,UJXkpWJYfe0PaxQ98wVbf24a0zQ=
10,8,e9Rxk3gq/+fJyAr5Lgu/K908KF8=,fbEFSkJOdKTt03TJTX55n3TiMbQ=
9,8,qZPBl/OTB8eidXMT4mTyD5PPX2I=,fbEFSkJOdKTt03TJTX55n3TiMbQ=
8,5,qZPBl/OTB8eidXMT4mTyD5PPX2I=,An6PAtwnZQvsr3Kar07BHuy7rIk=
10,5,e9Rxk3gq/+fJyAr5Lgu/K908KF8=,An6PAtwnZQvsr3Kar07BHuy7rIk=
8,6,qZPBl/OTB8eidXMT4mTyD5PPX2I=,An6PAtwnZQvsr3Kar07BHuy7rIk=
9,5,qZPBl/OTB8eidXMT4mTyD5PPX2I=,An6PAtwnZQvsr3Kar07BHuy7rIk=
10,6,e9Rxk3gq/+fJyAr5Lgu/K908KF8=,An6PAtwnZQvsr3Kar07BHuy7rIk=
9,7,qZPBl/OTB8eidXMT4mTyD5PPX2I=,An6PAtwnZQvsr3Kar07BHuy7rIk=
10,7,e9Rxk3gq/+fJyAr5Lgu/K908KF8=,An6PAtwnZQvsr3Kar07BHuy7rIk=
9,6,qZPBl/OTB8eidXMT4mTyD5PPX2I=,An6PAtwnZQvsr3Kar07BHuy7rIk=
5,10,lozNVF5xYFV6BpwN8ss5IrnyB3Q=,fpaf2are2rilGzDZ9vda7P8TCkw=
2,11,sDkU1UIgWFiLmEcLp4tMyKeaR9E=,UJXkpWJYfe0PaxQ98wVbf24a0zQ=
8,7,qZPBl/OTB8eidXMT4mTyD5PPX2I=,An6PAtwnZQvsr3Kar07BHuy7rIk=
3,11,sDkU1UIgWFiLmEcLp4tMyKeaR9E=,UJXkpWJYfe0PaxQ98wVbf24a0zQ=
14,10,e9Rxk3gq/+fJyAr5Lgu/K908KF8=,o4UDy7FAngzARTOY78KsRMaDqdI=
13,10,ixyGGoPj3JlX0f+IcNDbKf7AL54=,o4UDy7FAngzARTOY78KsRMaDqdI=
12,10,ixyGGoPj3JlX0f+IcNDbKf7AL54=,o4UDy7FAngzARTOY78KsRMaDqdI=
14,9,e9Rxk3gq/+fJyAr5Lgu/K908KF8=,o4UDy7FAngzARTOY78KsRMaDqdI=
13,9,e9Rxk3gq/+fJyAr5Lgu/K908KF8=,o4UDy7FAngzARTOY78KsRMaDqdI=
12,9,e9Rxk3gq/+fJyAr5Lgu/K908KF8=,o4UDy7FAngzARTOY78KsRMaDqdI=
11,9,e9Rxk3gq/+fJyAr5Lgu/K908KF8=,fbEFSkJOdKTt03TJTX55n3TiMbQ=
11,10,ixyGGoPj3JlX0f+IcNDbKf7AL54=,fbEFSkJOdKTt03TJTX55n3TiMbQ=
14,11,e9Rxk3gq/+fJyAr5Lgu/K908KF8=,o4UDy7FAngzARTOY78KsRMaDqdI=
13,11,ixyGGoPj3JlX0f+IcNDbKf7AL54=,o4UDy7FAngzARTOY78KsRMaDqdI=
14,14,e9Rxk3gq/+fJyAr5Lgu/K908KF8=,hOatyPdWhQ7qXH1/VbP4yRvvxP0=
13,14,e9Rxk3gq/+fJyAr5Lgu/K908KF8=,hOatyPdWhQ7qXH1/VbP4yRvvxP0=
14,13,e9Rxk3gq/+fJyAr5Lgu/K908KF8=,hOatyPdWhQ7qXH1/VbP4yRvvxP0=
13,13,qZPBl/OTB8eidXMT4mTyD5PPX2I=,hOatyPdWhQ7qXH1/VbP4yRvvxP0=
14,12,e9Rxk3gq/+fJyAr5Lgu/K908KF8=,hOatyPdWhQ7qXH1/VbP4yRvvxP0=
13,12,ixyGGoPj3JlX0f+IcNDbKf7AL54=,hOatyPdWhQ7qXH1/VbP4yRvvxP0=
4,11,lozNVF5xYFV6BpwN8ss5IrnyB3Q=,fpaf2are2rilGzDZ9vda7P8TCkw=
7,13,qZPBl/OTB8eidXMT4mTyD5PPX2I=,w6kyHHrrTOUA7LPfyVB7hOQnWAU=
7,12,qZPBl/OTB8eidXMT4mTyD5PPX2I=,w6kyHHrrTOUA7LPfyVB7hOQnWAU=
5,11,lozNVF5xYFV6BpwN8ss5IrnyB3Q=,fpaf2are2rilGzDZ9vda7P8TCkw=
7,14,e9Rxk3gq/+fJyAr5Lgu/K908KF8=,w6kyHHrrTOUA7LPfyVB7hOQnWAU=
8,13,qZPBl/OTB8eidXMT4mTyD5PPX2I=,pQVnl5MR7qMXl7wKDNOFqSMYpRM=
9,12,qZPBl/OTB8eidXMT4mTyD5PPX2I=,pQVnl5MR7qMXl7wKDNOFqSMYpRM=
3,10,sDkU1UIgWFiLmEcLp4tMyKeaR9E=,UJXkpWJYfe0PaxQ98wVbf24a0zQ=
8,8,qZPBl/OTB8eidXMT4mTyD5PPX2I=,fbEFSkJOdKTt03TJTX55n3TiMbQ=
10,11,ixyGGoPj3JlX0f+IcNDbKf7AL54=,fbEFSkJOdKTt03TJTX55n3TiMbQ=
9,9,qZPBl/OTB8eidXMT4mTyD5PPX2I=,fbEFSkJOdKTt03TJTX55n3TiMbQ=
11,11,ixyGGoPj3JlX0f+IcNDbKf7AL54=,fbEFSkJOdKTt03TJTX55n3TiMbQ=
8,9,qZPBl/OTB8eidXMT4mTyD5PPX2I=,fbEFSkJOdKTt03TJTX55n3TiMbQ=
8,12,qZPBl/OTB8eidXMT4mTyD5PPX2I=,pQVnl5MR7qMXl7wKDNOFqSMYpRM=
8,11,qZPBl/OTB8eidXMT4mTyD5PPX2I=,fbEFSkJOdKTt03TJTX55n3TiMbQ=
9,13,qZPBl/OTB8eidXMT4mTyD5PPX2I=,pQVnl5MR7qMXl7wKDNOFqSMYpRM=
8,14,e9Rxk3gq/+fJyAr5Lgu/K908KF8=,pQVnl5MR7qMXl7wKDNOFqSMYpRM=
9,14,e9Rxk3gq/+fJyAr5Lgu/K908KF8=,pQVnl5MR7qMXl7wKDNOFqSMYpRM=
4,10,lozNVF5xYFV6BpwN8ss5IrnyB3Q=,fpaf2are2rilGzDZ9vda7P8TCkw=
12,13,qZPBl/OTB8eidXMT4mTyD5PPX2I=,hOatyPdWhQ7qXH1/VbP4yRvvxP0=
12,11,ixyGGoPj3JlX0f+IcNDbKf7AL54=,o4UDy7FAngzARTOY78KsRMaDqdI=
9,11,qZPBl/OTB8eidXMT4mTyD5PPX2I=,fbEFSkJOdKTt03TJTX55n3TiMbQ=
7,8,8TMzbjga9C4MIfoR+/rvT7A+j6M=,fpaf2are2rilGzDZ9vda7P8TCkw=
7,11,8TMzbjga9C4MIfoR+/rvT7A+j6M=,fpaf2are2rilGzDZ9vda7P8TCkw=
6,11,8TMzbjga9C4MIfoR+/rvT7A+j6M=,fpaf2are2rilGzDZ9vda7P8TCkw=
11,12,ixyGGoPj3JlX0f+IcNDbKf7AL54=,pQVnl5MR7qMXl7wKDNOFqSMYpRM=
12,12,ixyGGoPj3JlX0f+IcNDbKf7AL54=,hOatyPdWhQ7qXH1/VbP4yRvvxP0=
6,8,8TMzbjga9C4MIfoR+/rvT7A+j6M=,fpaf2are2rilGzDZ9vda7P8TCkw=
6,9,8TMzbjga9C4MIfoR+/rvT7A+j6M=,fpaf2are2rilGzDZ9vda7P8TCkw=
10,13,ixyGGoPj3JlX0f+IcNDbKf7AL54=,pQVnl5MR7qMXl7wKDNOFqSMYpRM=
10,10,ixyGGoPj3JlX0f+IcNDbKf7AL54=,fbEFSkJOdKTt03TJTX55n3TiMbQ=
8,10,qZPBl/OTB8eidXMT4mTyD5PPX2I=,fbEFSkJOdKTt03TJTX55n3TiMbQ=
10,12,ixyGGoPj3JlX0f+IcNDbKf7AL54=,pQVnl5MR7qMXl7wKDNOFqSMYpRM=
11,13,ixyGGoPj3JlX0f+IcNDbKf7AL54=,pQVnl5MR7qMXl7wKDNOFqSMYpRM=
4,8,8TMzbjga9C4MIfoR+/rvT7A+j6M=,fpaf2are2rilGzDZ9vda7P8TCkw=
3,8,sDkU1UIgWFiLmEcLp4tMyKeaR9E=,UJXkpWJYfe0PaxQ98wVbf24a0zQ=
4,9,8TMzbjga9C4MIfoR+/rvT7A+j6M=,fpaf2are2rilGzDZ9vda7P8TCkw=
7,10,8TMzbjga9C4MIfoR+/rvT7A+j6M=,fpaf2are2rilGzDZ9vda7P8TCkw=
5,8,8TMzbjga9C4MIfoR+/rvT7A+j6M=,fpaf2are2rilGzDZ9vda7P8TCkw=
9,10,qZPBl/OTB8eidXMT4mTyD5PPX2I=,fbEFSkJOdKTt03TJTX55n3TiMbQ=
7,9,8TMzbjga9C4MIfoR+/rvT7A+j6M=,fpaf2are2rilGzDZ9vda7P8TCkw=
5,9,8TMzbjga9C4MIfoR+/rvT7A+j6M=,fpaf2are2rilGzDZ9vda7P8TCkw=
3,9,sDkU1UIgWFiLmEcLp4tMyKeaR9E=,UJXkpWJYfe0PaxQ98wVbf24a0zQ=
6,10,8TMzbjga9C4MIfoR+/rvT7A+j6M=,fpaf2are2rilGzDZ9vda7P8TCkw=
2,9,sDkU1UIgWFiLmEcLp4tMyKeaR9E=,UJXkpWJYfe0PaxQ98wVbf24a0zQ=
0,10,+XIRil1k144fXQsIPs7YT/YCfW0=,UJXkpWJYfe0PaxQ98wVbf24a0zQ=
1,15,+XIRil1k144fXQsIPs7YT/YCfW0=,r1Ro7uN2kwcQAQQrlz85/HDK5CQ=
2,15,+XIRil1k144fXQsIPs7YT/YCfW0=,r1Ro7uN2kwcQAQQrlz85/HDK5CQ=
3,15,+XIRil1k144fXQsIPs7YT/YCfW0=,r1Ro7uN2kwcQAQQrlz85/HDK5CQ=
4,15,qZPBl/OTB8eidXMT4mTyD5PPX2I=,w6kyHHrrTOUA7LPfyVB7hOQnWAU=
5,15,qZPBl/OTB8eidXMT4mTyD5PPX2I=,w6kyHHrrTOUA7LPfyVB7hOQnWAU=
6,15,e9Rxk3gq/+fJyAr5Lgu/K908KF8=,w6kyHHrrTOUA7LPfyVB7hOQnWAU=
2,8,sDkU1UIgWFiLmEcLp4tMyKeaR9E=,UJXkpWJYfe0PaxQ98wVbf24a0zQ=
0,9,+XIRil1k144fXQsIPs7YT/YCfW0=,UJXkpWJYfe0PaxQ98wVbf24a0zQ=
0,13,+XIRil1k144fXQsIPs7YT/YCfW0=,r1Ro7uN2kwcQAQQrlz85/HDK5CQ=
0,11,+XIRil1k144fXQsIPs7YT/YCfW0=,UJXkpWJYfe0PaxQ98wVbf24a0zQ=
0,15,+XIRil1k144fXQsIPs7YT/YCfW0=,r1Ro7uN2kwcQAQQrlz85/HDK5CQ=
0,12,+XIRil1k144fXQsIPs7YT/YCfW0=,r1Ro7uN2kwcQAQQrlz85/HDK5CQ=
0,14,+XIRil1k144fXQsIPs7YT/YCfW0=,r1Ro7uN2kwcQAQQrlz85/HDK5CQ=
10,15,e9Rxk3gq/+fJyAr5Lgu/K908KF8=,pQVnl5MR7qMXl7wKDNOFqSMYpRM=
9,15,e9Rxk3gq/+fJyAr5Lgu/K908KF8=,pQVnl5MR7qMXl7wKDNOFqSMYpRM=
8,15,e9Rxk3gq/+fJyAr5Lgu/K908KF8=,pQVnl5MR7qMXl7wKDNOFqSMYpRM=
7,15,qZPBl/OTB8eidXMT4mTyD5PPX2I=,w6kyHHrrTOUA7LPfyVB7hOQnWAU=
14,8,e9Rxk3gq/+fJyAr5Lgu/K908KF8=,o4UDy7FAngzARTOY78KsRMaDqdI=
13,8,e9Rxk3gq/+fJyAr5Lgu/K908KF8=,o4UDy7FAngzARTOY78KsRMaDqdI=
12,8,e9Rxk3gq/+fJyAr5Lgu/K908KF8=,o4UDy7FAngzARTOY78KsRMaDqdI=
11,7,e9Rxk3gq/+fJyAr5Lgu/K908KF8=,An6PAtwnZQvsr3Kar07BHuy7rIk=
11,6,e9Rxk3gq/+fJyAr5Lgu/K908KF8=,An6PAtwnZQvsr3Kar07BHuy7rIk=
11,5,e9Rxk3gq/+fJyAr5Lgu/K908KF8=,An6PAtwnZQvsr3Kar07BHuy7rIk=
11,8,e9Rxk3gq/+fJyAr5Lgu/K908KF8=,fbEFSkJOdKTt03TJTX55n3TiMbQ=
10,4,qZPBl/OTB8eidXMT4mTyD5PPX2I=,An6PAtwnZQvsr3Kar07BHuy7rIk=
9,4,qZPBl/OTB8eidXMT4mTyD5PPX2I=,An6PAtwnZQvsr3Kar07BHuy7rIk=
8,4,qZPBl/OTB8eidXMT4mTyD5PPX2I=,An6PAtwnZQvsr3Kar07BHuy7rIk=
13,15,e9Rxk3gq/+fJyAr5Lgu/K908KF8=,hOatyPdWhQ7qXH1/VbP4yRvvxP0=
14,15,e9Rxk3gq/+fJyAr5Lgu/K908KF8=,hOatyPdWhQ7qXH1/VbP4yRvvxP0=
15,14,e9Rxk3gq/+fJyAr5Lgu/K908KF8=,hOatyPdWhQ7qXH1/VbP4yRvvxP0=
15,13,e9Rxk3gq/+fJyAr5Lgu/K908KF8=,hOatyPdWhQ7qXH1/VbP4yRvvxP0=
11,4,e9Rxk3gq/+fJyAr5Lgu/K908KF8=,An6PAtwnZQvsr3Kar07BHuy7rIk=
15,11,e9Rxk3gq/+fJyAr5Lgu/K908KF8=,o4UDy7FAngzARTOY78KsRMaDqdI=
15,10,e9Rxk3gq/+fJyAr5Lgu/K908KF8=,o4UDy7FAngzARTOY78KsRMaDqdI=
15,9,e9Rxk3gq/+fJyAr5Lgu/K908KF8=,o4UDy7FAngzARTOY78KsRMaDqdI=
15,12,e9Rxk3gq/+fJyAr5Lgu/K908KF8=,hOatyPdWhQ7qXH1/VbP4yRvvxP0=
15,15,e9Rxk3gq/+fJyAr5Lgu/K908KF8=,hOatyPdWhQ7qXH1/VbP4yRvvxP0=
15,8,e9Rxk3gq/+fJyAr5Lgu/K908KF8=,o4UDy7FAngzARTOY78KsRMaDqdI=
1,10,+XIRil1k144fXQsIPs7YT/YCfW0=,UJXkpWJYfe0PaxQ98wVbf24a0zQ=
12,15,e9Rxk3gq/+fJyAr5Lgu/K908KF8=,hOatyPdWhQ7qXH1/VbP4yRvvxP0=
11,15,e9Rxk3gq/+fJyAr5Lgu/K908KF8=,pQVnl5MR7qMXl7wKDNOFqSMYpRM=
10,14,e9Rxk3gq/+fJyAr5Lgu/K908KF8=,pQVnl5MR7qMXl7wKDNOFqSMYpRM=
12,14,e9Rxk3gq/+fJyAr5Lgu/K908KF8=,hOatyPdWhQ7qXH1/VbP4yRvvxP0=
1,9,+XIRil1k144fXQsIPs7YT/YCfW0=,UJXkpWJYfe0PaxQ98wVbf24a0zQ=
0,8,+XIRil1k144fXQsIPs7YT/YCfW0=,UJXkpWJYfe0PaxQ98wVbf24a0zQ=
1,8,+XIRil1k144fXQsIPs7YT/YCfW0=,UJXkpWJYfe0PaxQ98wVbf24a0zQ=
11,14,e9Rxk3gq/+fJyAr5Lgu/K908KF8=,pQVnl5MR7qMXl7wKDNOFqSMYpRM=
2,17,+XIRil1k144fXQsIPs7YT/YCfW0=,eU6cmTcl09AY//jUufBizEul52I=
1,18,+XIRil1k144fXQsIPs7YT/YCfW0=,eU6cmTcl09AY//jUufBizEul52I=
1,17,+XIRil1k144fXQsIPs7YT/YCfW0=,eU6cmTcl09AY//jUufBizEul52I=
2,18,+XIRil1k144fXQsIPs7YT/YCfW0=,eU6cmTcl09AY//jUufBizEul52I=
1,19,+XIRil1k144fXQsIPs7YT/YCfW0=,eU6cmTcl09AY//jUufBizEul52I=
2,19,+XIRil1k144fXQsIPs7YT/YCfW0=,eU6cmTcl09AY//jUufBizEul52I=
0,17,+XIRil1k144fXQsIPs7YT/YCfW0=,eU6cmTcl09AY//jUufBizEul52I=
0,18,+XIRil1k144fXQsIPs7YT/YCfW0=,eU6cmTcl09AY//jUufBizEul52I=
0,19,+XIRil1k144fXQsIPs7YT/YCfW0=,eU6cmTcl09AY//jUufBizEul52I=
0,16,+XIRil1k144fXQsIPs7YT/YCfW0=,eU6cmTcl09AY//jUufBizEul52I=
2,16,+XIRil1k144fXQsIPs7YT/YCfW0=,eU6cmTcl09AY//jUufBizEul52I=
1,16,+XIRil1k144fXQsIPs7YT/YCfW0=,eU6cmTcl09AY//jUufBizEul52I=
4,18,ktmV4dDk2foSNBj6nPM24bvBmY0=,PQnFKMaBIqGRN0FFHvRCeNfcZj0=
7,19,ktmV4dDk2foSNBj6nPM24bvBmY0=,PQnFKMaBIqGRN0FFHvRCeNfcZj0=
6,19,ktmV4dDk2foSNBj6nPM24bvBmY0=,PQnFKMaBIqGRN0FFHvRCeNfcZj0=
3,18,+XIRil1k144fXQsIPs7YT/YCfW0=,eU6cmTcl09AY//jUufBizEul52I=
6,18,ktmV4dDk2foSNBj6nPM24bvBmY0=,PQnFKMaBIqGRN0FFHvRCeNfcZj0=
3,19,+XIRil1k144fXQsIPs7YT/YCfW0=,eU6cmTcl09AY//jUufBizEul52I=
7,18,ktmV4dDk2foSNBj6nPM24bvBmY0=,PQnFKMaBIqGRN0FFHvRCeNfcZj0=
3,17,+XIRil1k144fXQsIPs7YT/YCfW0=,eU6cmTcl09AY//jUufBizEul52I=
5,19,ktmV4dDk2foSNBj6nPM24bvBmY0=,PQnFKMaBIqGRN0FFHvRCeNfcZj0=
4,19,ktmV4dDk2foSNBj6nPM24bvBmY0=,PQnFKMaBIqGRN0FFHvRCeNfcZj0=
5,18,ktmV4dDk2foSNBj6nPM24bvBmY0=,PQnFKMaBIqGRN0FFHvRCeNfcZj0=
7,17,ktmV4dDk2foSNBj6nPM24bvBmY0=,PQnFKMaBIqGRN0FFHvRCeNfcZj0=
4,17,ktmV4dDk2foSNBj6nPM24bvBmY0=,PQnFKMaBIqGRN0FFHvRCeNfcZj0=
6,17,ktmV4dDk2foSNBj6nPM24bvBmY0=,PQnFKMaBIqGRN0FFHvRCeNfcZj0=
5,17,ktmV4dDk2foSNBj6nPM24bvBmY0=,PQnFKMaBIqGRN0FFHvRCeNfcZj0=
3,16,+XIRil1k144fXQsIPs7YT/YCfW0=,eU6cmTcl09AY//jUufBizEul52I=
7,16,ktmV4dDk2foSNBj6nPM24bvBmY0=,PQnFKMaBIqGRN0FFHvRCeNfcZj0=
4,16,ktmV4dDk2foSNBj6nPM24bvBmY0=,PQnFKMaBIqGRN0FFHvRCeNfcZj0=
5,16,ktmV4dDk2foSNBj6nPM24bvBmY0=,PQnFKMaBIqGRN0FFHvRCeNfcZj0=
6,16,ktmV4dDk2foSNBj6nPM24bvBmY0=,PQnFKMaBIqGRN0FFHvRCeNfcZj0=
13,17,icmBGAQ5hXjYU+VB0+malPcUTro=,Bwou0XxrbYwx/oYJRrBVYevU5GQ=
14,17,m8+sV5bwAwXF4RZ230zlXp0z+Oo=,Bwou0XxrbYwx/oYJRrBVYevU5GQ=
13,18,m8+sV5bwAwXF4RZ230zlXp0z+Oo=,Bwou0XxrbYwx/oYJRrBVYevU5GQ=
14,18,m8+sV5bwAwXF4RZ230zlXp0z+Oo=,Bwou0XxrbYwx/oYJRrBVYevU5GQ=
14,19,m8+sV5bwAwXF4RZ230zlXp0z+Oo=,Bwou0XxrbYwx/oYJRrBVYevU5GQ=
14,21,x5jPsjB+U0zBP7FALKFXNCfRT0g=,v1qlbp68UbUDx0VOAOtuwI0sNaE=
13,22,x5jPsjB+U0zBP7FALKFXNCfRT0g=,v1qlbp68UbUDx0VOAOtuwI0sNaE=
14,22,x5jPsjB+U0zBP7FALKFXNCfRT0g=,v1qlbp68UbUDx0VOAOtuwI0sNaE=
13,21,x5jPsjB+U0zBP7FALKFXNCfRT0g=,v1qlbp68UbUDx0VOAOtuwI0sNaE=
13,19,m8+sV5bwAwXF4RZ230zlXp0z+Oo=,Bwou0XxrbYwx/oYJRrBVYevU5GQ=
14,20,x5jPsjB+U0zBP7FALKFXNCfRT0g=,v1qlbp68UbUDx0VOAOtuwI0sNaE=
13,20,x5jPsjB+U0zBP7FALKFXNCfRT0g=,v1qlbp68UbUDx0VOAOtuwI0sNaE=
9,26,doGkAEuSmZQmuaS1z0EYt6NJK8c=,SywrgWm7PbeB8y0qxXLGJ7REX0M=
10,26,doGkAEuSmZQmuaS1z0EYt6NJK8c=,SywrgWm7PbeB8y0qxXLGJ7REX0M=
10,25,doGkAEuSmZQmuaS1z0EYt6NJK8c=,SywrgWm7PbeB8y0qxXLGJ7REX0M=
9,25,doGkAEuSmZQmuaS1z0EYt6NJK8c=,SywrgWm7PbeB8y0qxXLGJ7REX0M=
9,24,doGkAEuSmZQmuaS1z0EYt6NJK8c=,SywrgWm7PbeB8y0qxXLGJ7REX0M=
9,22,x5jPsjB+U0zBP7FALKFXNCfRT0g=,Z9m+kbihPznHU4XJwLRkXY8+L7Q=
10,22,x5jPsjB+U0zBP7FALKFXNCfRT0g=,Z9m+kbihPznHU4XJwLRkXY8+L7Q=
9,23,x5jPsjB+U0zBP7FALKFXNCfRT0g=,Z9m+kbihPznHU4XJwLRkXY8+L7Q=
10,24,doGkAEuSmZQmuaS1z0EYt6NJK8c=,SywrgWm7PbeB8y0qxXLGJ7REX0M=
10,23,x5jPsjB+U0zBP7FALKFXNCfRT0g=,Z9m+kbihPznHU4XJwLRkXY8+L7Q=
9,21,x5jPsjB+U0zBP7FALKFXNCfRT0g=,Z9m+kbihPznHU4XJwLRkXY8+L7Q=
10,21,x5jPsjB+U0zBP7FALKFXNCfRT0g=,Z9m+kbihPznHU4XJwLRkXY8+L7Q=
14,24,x5jPsjB+U0zBP7FALKFXNCfRT0g=,Rlw+8cZVJ5iPgHXCpFu0V2SIraY=
14,23,x5jPsjB+U0zBP7FALKFXNCfRT0g=,v1qlbp68UbUDx0VOAOtuwI0sNaE=
14,26,x5jPsjB+U0zBP7FALKFXNCfRT0g=,Rlw+8cZVJ5iPgHXCpFu0V2SIraY=
13,23,x5jPsjB+U0zBP7FALKFXNCfRT0g=,v1qlbp68UbUDx0VOAOtuwI0sNaE=
11,25,doGkAEuSmZQmuaS1z0EYt6NJK8c=,SywrgWm7PbeB8y0qxXLGJ7REX0M=
14,25,x5jPsjB+U0zBP7FALKFXNCfRT0g=,Rlw+8cZVJ5iPgHXCpFu0V2SIraY=
11,26,doGkAEuSmZQmuaS1z0EYt6NJK8c=,SywrgWm7PbeB8y0qxXLGJ7REX0M=
13,24,x5jPsjB+U0zBP7FALKFXNCfRT0g=,Rlw+8cZVJ5iPgHXCpFu0V2SIraY=
15,25,x5jPsjB+U0zBP7FALKFXNCfRT0g=,Rlw+8cZVJ5iPgHXCpFu0V2SIraY=
15,26,x5jPsjB+U0zBP7FALKFXNCfRT0g=,Rlw+8cZVJ5iPgHXCpFu0V2SIraY=
9,28,LgjG5+466aekFNSBADuWOwRwZYY=,vc7Av9TMAaNgRsOPcJ1O3HaAXKA=
9,27,doGkAEuSmZQmuaS1z0EYt6NJK8c=,SywrgWm7PbeB8y0qxXLGJ7REX0M=
10,28,LgjG5+466aekFNSBADuWOwRwZYY=,vc7Av9TMAaNgRsOPcJ1O3HaAXKA=
10,27,doGkAEuSmZQmuaS1z0EYt6NJK8c=,SywrgWm7PbeB8y0qxXLGJ7REX0M=
9,30,LgjG5+466aekFNSBADuWOwRwZYY=,vc7Av9TMAaNgRsOPcJ1O3HaAXKA=
10,30,LgjG5+466aekFNSBADuWOwRwZYY=,vc7Av9TMAaNgRsOPcJ1O3HaAXKA=
9,29,LgjG5+466aekFNSBADuWOwRwZYY=,vc7Av9TMAaNgRsOPcJ1O3HaAXKA=
10,29,LgjG5+466aekFNSBADuWOwRwZYY=,vc7Av9TMAaNgRsOPcJ1O3HaAXKA=
12,22,x5jPsjB+U0zBP7FALKFXNCfRT0g=,v1qlbp68UbUDx0VOAOtuwI0sNaE=
12,23,x5jPsjB+U0zBP7FALKFXNCfRT0g=,v1qlbp68UbUDx0VOAOtuwI0sNaE=
9,31,LgjG5+466aekFNSBADuWOwRwZYY=,vc7Av9TMAaNgRsOPcJ1O3HaAXKA=
10,31,LgjG5+466aekFNSBADuWOwRwZYY=,vc7Av9TMAaNgRsOPcJ1O3HaAXKA=
11,22,x5jPsjB+U0zBP7FALKFXNCfRT0g=,Z9m+kbihPznHU4XJwLRkXY8+L7Q=
11,29,LgjG5+466aekFNSBADuWOwRwZYY=,vc7Av9TMAaNgRsOPcJ1O3HaAXKA=
15,28,Kn0axdXaVHxJVQ1rTT5jdYhvg/0=,BiA9t6+lGZEE1kvWzy413GwvxuU=
14,27,x5jPsjB+U0zBP7FALKFXNCfRT0g=,Rlw+8cZVJ5iPgHXCpFu0V2SIraY=
15,27,x5jPsjB+U0zBP7FALKFXNCfRT0g=,Rlw+8cZVJ5iPgHXCpFu0V2SIraY=
15,30,Kn0axdXaVHxJVQ1rTT5jdYhvg/0=,BiA9t6+lGZEE1kvWzy413GwvxuU=
14,30,Kn0axdXaVHxJVQ1rTT5jdYhvg/0=,BiA9t6+lGZEE1kvWzy413GwvxuU=
14,29,Kn0axdXaVHxJVQ1rTT5jdYhvg/0=,BiA9t6+lGZEE1kvWzy413GwvxuU=
15,29,Kn0axdXaVHxJVQ1rTT5jdYhvg/0=,BiA9t6+lGZEE1kvWzy413GwvxuU=
11,27,doGkAEuSmZQmuaS1z0EYt6NJK8c=,SywrgWm7PbeB8y0qxXLGJ7REX0M=
14,28,Kn0axdXaVHxJVQ1rTT5jdYhvg/0=,BiA9t6+lGZEE1kvWzy413GwvxuU=
11,28,LgjG5+466aekFNSBADuWOwRwZYY=,vc7Av9TMAaNgRsOPcJ1O3HaAXKA=
13,30,Kn0axdXaVHxJVQ1rTT5jdYhvg/0=,BiA9t6+lGZEE1kvWzy413GwvxuU=
11,23,x5jPsjB+U0zBP7FALKFXNCfRT0g=,Z9m+kbihPznHU4XJwLRkXY8+L7Q=
11,24,doGkAEuSmZQmuaS1z0EYt6NJK8c=,SywrgWm7PbeB8y0qxXLGJ7REX0M=
13,28,Kn0axdXaVHxJVQ1rTT5jdYhvg/0=,BiA9t6+lGZEE1kvWzy413GwvxuU=
13,29,Kn0axdXaVHxJVQ1rTT5jdYhvg/0=,BiA9t6+lGZEE1kvWzy413GwvxuU=
13,27,x5jPsjB+U0zBP7FALKFXNCfRT0g=,Rlw+8cZVJ5iPgHXCpFu0V2SIraY=
13,26,x5jPsjB+U0zBP7FALKFXNCfRT0g=,Rlw+8cZVJ5iPgHXCpFu0V2SIraY=
12,17,m8+sV5bwAwXF4RZ230zlXp0z+Oo=,Bwou0XxrbYwx/oYJRrBVYevU5GQ=
9,19,m8+sV5bwAwXF4RZ230zlXp0z+Oo=,FwFeZi82Q9cp7Saeiit+isCTv40=
9,20,x5jPsjB+U0zBP7FALKFXNCfRT0g=,Z9m+kbihPznHU4XJwLRkXY8+L7Q=
12,21,x5jPsjB+U0zBP7FALKFXNCfRT0g=,v1qlbp68UbUDx0VOAOtuwI0sNaE=
12,29,Kn0axdXaVHxJVQ1rTT5jdYhvg/0=,BiA9t6+lGZEE1kvWzy413GwvxuU=
12,19,m8+sV5bwAwXF4RZ230zlXp0z+Oo=,Bwou0XxrbYwx/oYJRrBVYevU5GQ=
12,25,x5jPsjB+U0zBP7FALKFXNCfRT0g=,Rlw+8cZVJ5iPgHXCpFu0V2SIraY=
10,20,x5jPsjB+U0zBP7FALKFXNCfRT0g=,Z9m+kbihPznHU4XJwLRkXY8+L7Q=
13,25,x5jPsjB+U0zBP7FALKFXNCfRT0g=,Rlw+8cZVJ5iPgHXCpFu0V2SIraY=
12,26,x5jPsjB+U0zBP7FALKFXNCfRT0g=,Rlw+8cZVJ5iPgHXCpFu0V2SIraY=
12,18,m8+sV5bwAwXF4RZ230zlXp0z+Oo=,Bwou0XxrbYwx/oYJRrBVYevU5GQ=
12,20,x5jPsjB+U0zBP7FALKFXNCfRT0g=,v1qlbp68UbUDx0VOAOtuwI0sNaE=
12,24,x5jPsjB+U0zBP7FALKFXNCfRT0g=,Rlw+8cZVJ5iPgHXCpFu0V2SIraY=
14,31,Kn0axdXaVHxJVQ1rTT5jdYhvg/0=,BiA9t6+lGZEE1kvWzy413GwvxuU=
13,31,Kn0axdXaVHxJVQ1rTT5jdYhvg/0=,BiA9t6+lGZEE1kvWzy413GwvxuU=
8,22,x5jPsjB+U0zBP7FALKFXNCfRT0g=,Z9m+kbihPznHU4XJwLRkXY8+L7Q=
8,21,x5jPsjB+U0zBP7FALKFXNCfRT0g=,Z9m+kbihPznHU4XJwLRkXY8+L7Q=
15,17,m8+sV5bwAwXF4RZ230zlXp0z+Oo=,Bwou0XxrbYwx/oYJRrBVYevU5GQ=
15,18,m8+sV5bwAwXF4RZ230zlXp0z+Oo=,Bwou0XxrbYwx/oYJRrBVYevU5GQ=
15,21,x5jPsjB+U0zBP7FALKFXNCfRT0g=,v1qlbp68UbUDx0VOAOtuwI0sNaE=
15,19,m8+sV5bwAwXF4RZ230zlXp0z+Oo=,Bwou0XxrbYwx/oYJRrBVYevU5GQ=
15,22,x5jPsjB+U0zBP7FALKFXNCfRT0g=,v1qlbp68UbUDx0VOAOtuwI0sNaE=
15,23,x5jPsjB+U0zBP7FALKFXNCfRT0g=,v1qlbp68UbUDx0VOAOtuwI0sNaE=
15,20,x5jPsjB+U0zBP7FALKFXNCfRT0g=,v1qlbp68UbUDx0VOAOtuwI0sNaE=
15,24,x5jPsjB+U0zBP7FALKFXNCfRT0g=,Rlw+8cZVJ5iPgHXCpFu0V2SIraY=
11,31,LgjG5+466aekFNSBADuWOwRwZYY=,vc7Av9TMAaNgRsOPcJ1O3HaAXKA=
10,19,m8+sV5bwAwXF4RZ230zlXp0z+Oo=,FwFeZi82Q9cp7Saeiit+isCTv40=
11,21,x5jPsjB+U0zBP7FALKFXNCfRT0g=,Z9m+kbihPznHU4XJwLRkXY8+L7Q=
12,27,x5jPsjB+U0zBP7FALKFXNCfRT0g=,Rlw+8cZVJ5iPgHXCpFu0V2SIraY=
12,28,Kn0axdXaVHxJVQ1rTT5jdYhvg/0=,BiA9t6+lGZEE1kvWzy413GwvxuU=
11,30,LgjG5+466aekFNSBADuWOwRwZYY=,vc7Av9TMAaNgRsOPcJ1O3HaAXKA=
11,20,x5jPsjB+U0zBP7FALKFXNCfRT0g=,Z9m+kbihPznHU4XJwLRkXY8+L7Q=
11,18,m8+sV5bwAwXF4RZ230zlXp0z+Oo=,FwFeZi82Q9cp7Saeiit+isCTv40=
12,30,Kn0axdXaVHxJVQ1rTT5jdYhvg/0=,BiA9t6+lGZEE1kvWzy413GwvxuU=
15,31,Kn0axdXaVHxJVQ1rTT5jdYhvg/0=,BiA9t6+lGZEE1kvWzy413GwvxuU=
8,30,LgjG5+466aekFNSBADuWOwRwZYY=,vc7Av9TMAaNgRsOPcJ1O3HaAXKA=
8,29,LgjG5+466aekFNSBADuWOwRwZYY=,vc7Av9TMAaNgRsOPcJ1O3HaAXKA=
8,28,LgjG5+466aekFNSBADuWOwRwZYY=,vc7Av9TMAaNgRsOPcJ1O3HaAXKA=
8,24,doGkAEuSmZQmuaS1z0EYt6NJK8c=,SywrgWm7PbeB8y0qxXLGJ7REX0M=
8,27,doGkAEuSmZQmuaS1z0EYt6NJK8c=,SywrgWm7PbeB8y0qxXLGJ7REX0M=
8,26,doGkAEuSmZQmuaS1z0EYt6NJK8c=,SywrgWm7PbeB8y0qxXLGJ7REX0M=
8,25,doGkAEuSmZQmuaS1z0EYt6NJK8c=,SywrgWm7PbeB8y0qxXLGJ7REX0M=
8,23,x5jPsjB+U0zBP7FALKFXNCfRT0g=,Z9m+kbihPznHU4XJwLRkXY8+L7Q=
8,31,LgjG5+466aekFNSBADuWOwRwZYY=,vc7Av9TMAaNgRsOPcJ1O3HaAXKA=
12,31,Kn0axdXaVHxJVQ1rTT5jdYhvg/0=,BiA9t6+lGZEE1kvWzy413GwvxuU=
8,18,m8+sV5bwAwXF4RZ230zlXp0z+Oo=,FwFeZi82Q9cp7Saeiit+isCTv40=
8,19,m8+sV5bwAwXF4RZ230zlXp0z+Oo=,FwFeZi82Q9cp7Saeiit+isCTv40=
8,20,x5jPsjB+U0zBP7FALKFXNCfRT0g=,Z9m+kbihPznHU4XJwLRkXY8+L7Q=
8,17,icmBGAQ5hXjYU+VB0+malPcUTro=,FwFeZi82Q9cp7Saeiit+isCTv40=
10,18,m8+sV5bwAwXF4RZ230zlXp0z+Oo=,FwFeZi82Q9cp7Saeiit+isCTv40=
9,18,icmBGAQ5hXjYU+VB0+malPcUTro=,FwFeZi82Q9cp7Saeiit+isCTv40=
14,16,m8+sV5bwAwXF4RZ230zlXp0z+Oo=,Bwou0XxrbYwx/oYJRrBVYevU5GQ=
13,16,m8+sV5bwAwXF4RZ230zlXp0z+Oo=,Bwou0XxrbYwx/oYJRrBVYevU5GQ=
15,16,m8+sV5bwAwXF4RZ230zlXp0z+Oo=,Bwou0XxrbYwx/oYJRrBVYevU5GQ=
11,19,m8+sV5bwAwXF4RZ230zlXp0z+Oo=,FwFeZi82Q9cp7Saeiit+isCTv40=
8,16,m8+sV5bwAwXF4RZ230zlXp0z+Oo=,FwFeZi82Q9cp7Saeiit+isCTv40=
12,16,m8+sV5bwAwXF4RZ230zlXp0z+Oo=,Bwou0XxrbYwx/oYJRrBVYevU5GQ=
11,16,m8+sV5bwAwXF4RZ230zlXp0z+Oo=,FwFeZi82Q9cp7Saeiit+isCTv40=
9,16,m8+sV5bwAwXF4RZ230zlXp0z+Oo=,FwFeZi82Q9cp7Saeiit+isCTv40=
9,17,icmBGAQ5hXjYU+VB0+malPcUTro=,FwFeZi82Q9cp7Saeiit+isCTv40=
11,17,m8+sV5bwAwXF4RZ230zlXp0z+Oo=,FwFeZi82Q9cp7Saeiit+isCTv40=
10,16,m8+sV5bwAwXF4RZ230zlXp0z+Oo=,FwFeZi82Q9cp7Saeiit+isCTv40=
10,17,m8+sV5bwAwXF4RZ230zlXp0z+Oo=,FwFeZi82Q9cp7Saeiit+isCTv40=
8,2,FyMxE9xKwAn53Nuf9FRWia/dIk4=,GJTrba8ukzJXKD9kmJOTIKThP/I=
8,1,FyMxE9xKwAn53Nuf9FRWia/dIk4=,GJTrba8ukzJXKD9kmJOTIKThP/I=
9,2,FyMxE9xKwAn53Nuf9FRWia/dIk4=,GJTrba8ukzJXKD9kmJOTIKThP/I=
9,1,FyMxE9xKwAn53Nuf9FRWia/dIk4=,GJTrba8ukzJXKD9kmJOTIKThP/I=
8,0,8E6eI5grQa0vvfcwDgIvK2mqVG4=,GJTrba8ukzJXKD9kmJOTIKThP/I=
10,3,8E6eI5grQa0vvfcwDgIvK2mqVG4=,GJTrba8ukzJXKD9kmJOTIKThP/I=
9,3,FyMxE9xKwAn53Nuf9FRWia/dIk4=,GJTrba8ukzJXKD9kmJOTIKThP/I=
8,3,FyMxE9xKwAn53Nuf9FRWia/dIk4=,GJTrba8ukzJXKD9kmJOTIKThP/I=
13,0,6O4dAsf6APdCJ+Ev5Rto8MfAJk4=,3r/Gn4bMW0GtVk3IMzHlJieH9mI=
13,1,6O4dAsf6APdCJ+Ev5Rto8MfAJk4=,3r/Gn4bMW0GtVk3IMzHlJieH9mI=
12,1,6O4dAsf6APdCJ+Ev5Rto8MfAJk4=,3r/Gn4bMW0GtVk3IMzHlJieH9mI=
12,3,6O4dAsf6APdCJ+Ev5Rto8MfAJk4=,3r/Gn4bMW0GtVk3IMzHlJieH9mI=
12,0,6O4dAsf6APdCJ+Ev5Rto8MfAJk4=,3r/Gn4bMW0GtVk3IMzHlJieH9mI=
14,1,6O4dAsf6APdCJ+Ev5Rto8MfAJk4=,3r/Gn4bMW0GtVk3IMzHlJieH9mI=
14,0,6O4dAsf6APdCJ+Ev5Rto8MfAJk4=,3r/Gn4bMW0GtVk3IMzHlJieH9mI=
9,0,8E6eI5grQa0vvfcwDgIvK2mqVG4=,GJTrba8ukzJXKD9kmJOTIKThP/I=
11,3,8E6eI5grQa0vvfcwDgIvK2mqVG4=,GJTrba8ukzJXKD9kmJOTIKThP/I=
13,3,6O4dAsf6APdCJ+Ev5Rto8MfAJk4=,3r/Gn4bMW0GtVk3IMzHlJieH9mI=
11,0,8E6eI5grQa0vvfcwDgIvK2mqVG4=,GJTrba8ukzJXKD9kmJOTIKThP/I=
10,2,8E6eI5grQa0vvfcwDgIvK2mqVG4=,GJTrba8ukzJXKD9kmJOTIKThP/I=
12,2,6O4dAsf6APdCJ+Ev5Rto8MfAJk4=,3r/Gn4bMW0GtVk3IMzHlJieH9mI=
15,0,6O4dAsf6APdCJ+Ev5Rto8MfAJk4=,3r/Gn4bMW0GtVk3IMzHlJieH9mI=
11,1,8E6eI5grQa0vvfcwDgIvK2mqVG4=,GJTrba8ukzJXKD9kmJOTIKThP/I=
14,2,6O4dAsf6APdCJ+Ev5Rto8MfAJk4=,3r/Gn4bMW0GtVk3IMzHlJieH9mI=
10,0,8E6eI5grQa0vvfcwDgIvK2mqVG4=,GJTrba8ukzJXKD9kmJOTIKThP/I=
13,2,6O4dAsf6APdCJ+Ev5Rto8MfAJk4=,3r/Gn4bMW0GtVk3IMzHlJieH9mI=
15,1,6O4dAsf6APdCJ+Ev5Rto8MfAJk4=,3r/Gn4bMW0GtVk3IMzHlJieH9mI=
15,3,6O4dAsf6APdCJ+Ev5Rto8MfAJk4=,3r/Gn4bMW0GtVk3IMzHlJieH9mI=
14,3,6O4dAsf6APdCJ+Ev5Rto8MfAJk4=,3r/Gn4bMW0GtVk3IMzHlJieH9mI=
10,1,8E6eI5grQa0vvfcwDgIvK2mqVG4=,GJTrba8ukzJXKD9kmJOTIKThP/I=
11,2,8E6eI5grQa0vvfcwDgIvK2mqVG4=,GJTrba8ukzJXKD9kmJOTIKThP/I=
15,2,6O4dAsf6APdCJ+Ev5Rto8MfAJk4=,3r/Gn4bMW0GtVk3IMzHlJieH9mI=
18,2,2D/o8JTnBivtVIFmp8X2FSjgIek=,miwmiUSTwb57guI2Y5N1doupc1s=
21,3,2D/o8JTnBivtVIFmp8X2FSjgIek=,/tP1631JjFRRNNEhNEmwHclKtac=
18,1,2D/o8JTnBivtVIFmp8X2FSjgIek=,miwmiUSTwb57guI2Y5N1doupc1s=
19,1,2D/o8JTnBivtVIFmp8X2FSjgIek=,miwmiUSTwb57guI2Y5N1doupc1s=
19,2,2D/o8JTnBivtVIFmp8X2FSjgIek=,miwmiUSTwb57guI2Y5N1doupc1s=
22,0,2D/o8JTnBivtVIFmp8X2FSjgIek=,/tP1631JjFRRNNEhNEmwHclKtac=
29,3,2D/o8JTnBivtVIFmp8X2FSjgIek=,u04+3FnHRb1TJ+Dt7oECrFCO4B8=
29,0,2D/o8JTnBivtVIFmp8X2FSjgIek=,u04+3FnHRb1TJ+Dt7oECrFCO4B8=
30,0,2D/o8JTnBivtVIFmp8X2FSjgIek=,u04+3FnHRb1TJ+Dt7oECrFCO4B8=
31,3,ArHivj9WB06ROfAbt2EcYMMfqwA=,u04+3FnHRb1TJ+Dt7oECrFCO4B8=
17,3,2D/o8JTnBivtVIFmp8X2FSjgIek=,miwmiUSTwb57guI2Y5N1doupc1s=
20,3,2D/o8JTnBivtVIFmp8X2FSjgIek=,/tP1631JjFRRNNEhNEmwHclKtac=
18,3,2D/o8JTnBivtVIFmp8X2FSjgIek=,miwmiUSTwb57guI2Y5N1doupc1s=
28,3,2D/o8JTnBivtVIFmp8X2FSjgIek=,u04+3FnHRb1TJ+Dt7oECrFCO4B8=
24,0,2D/o8JTnBivtVIFmp8X2FSjgIek=,kWRgt2M/Uf5zmbiyl2OeUpX3rzY=
23,0,2D/o8JTnBivtVIFmp8X2FSjgIek=,/tP1631JjFRRNNEhNEmwHclKtac=
19,3,2D/o8JTnBivtVIFmp8X2FSjgIek=,miwmiUSTwb57guI2Y5N1doupc1s=
27,3,2D/o8JTnBivtVIFmp8X2FSjgIek=,kWRgt2M/Uf5zmbiyl2OeUpX3rzY=
26,3,2D/o8JTnBivtVIFmp8X2FSjgIek=,kWRgt2M/Uf5zmbiyl2OeUpX3rzY=
20,2,2D/o8JTnBivtVIFmp8X2FSjgIek=,/tP1631JjFRRNNEhNEmwHclKtac=
23,3,2D/o8JTnBivtVIFmp8X2FSjgIek=,/tP1631JjFRRNNEhNEmwHclKtac=
24,3,2D/o8JTnBivtVIFmp8X2FSjgIek=,kWRgt2M/Uf5zmbiyl2OeUpX3rzY=
31,0,2D/o8JTnBivtVIFmp8X2FSjgIek=,u04+3FnHRb1TJ+Dt7oECrFCO4B8=
25,3,2D/o8JTnBivtVIFmp8X2FSjgIek=,kWRgt2M/Uf5zmbiyl2OeUpX3rzY=
25,0,2D/o8JTnBivtVIFmp8X2FSjgIek=,kWRgt2M/Uf5zmbiyl2OeUpX3rzY=
30,3,ArHivj9WB06ROfAbt2EcYMMfqwA=,u04+3FnHRb1TJ+Dt7oECrFCO4B8=
26,0,2D/o8JTnBivtVIFmp8X2FSjgIek=,kWRgt2M/Uf5zmbiyl2OeUpX3rzY=
21,2,2D/o8JTnBivtVIFmp8X2FSjgIek=,/tP1631JjFRRNNEhNEmwHclKtac=
22,1,2D/o8JTnBivtVIFmp8X2FSjgIek=,/tP1631JjFRRNNEhNEmwHclKtac=
27,0,2D/o8JTnBivtVIFmp8X2FSjgIek=,kWRgt2M/Uf5zmbiyl2OeUpX3rzY=
30,1,2D/o8JTnBivtVIFmp8X2FSjgIek=,u04+3FnHRb1TJ+Dt7oECrFCO4B8=
29,2,2D/o8JTnBivtVIFmp8X2FSjgIek=,u04+3FnHRb1TJ+Dt7oECrFCO4B8=
29,1,2D/o8JTnBivtVIFmp8X2FSjgIek=,u04+3FnHRb1TJ+Dt7oECrFCO4B8=
23,2,2D/o8JTnBivtVIFmp8X2FSjgIek=,/tP1631JjFRRNNEhNEmwHclKtac=
28,1,2D/o8JTnBivtVIFmp8X2FSjgIek=,u04+3FnHRb1TJ+Dt7oECrFCO4B8=
22,3,2D/o8JTnBivtVIFmp8X2FSjgIek=,/tP1631JjFRRNNEhNEmwHclKtac=
31,2,ArHivj9WB06ROfAbt2EcYMMfqwA=,u04+3FnHRb1TJ+Dt7oECrFCO4B8=
28,0,2D/o8JTnBivtVIFmp8X2FSjgIek=,u04+3FnHRb1TJ+Dt7oECrFCO4B8=
28,2,2D/o8JTnBivtVIFmp8X2FSjgIek=,u04+3FnHRb1TJ+Dt7oECrFCO4B8=
23,1,2D/o8JTnBivtVIFmp8X2FSjgIek=,/tP1631JjFRRNNEhNEmwHclKtac=
16,3,2D/o8JTnBivtVIFmp8X2FSjgIek=,miwmiUSTwb57guI2Y5N1doupc1s=
17,2,2D/o8JTnBivtVIFmp8X2FSjgIek=,miwmiUSTwb57guI2Y5N1doupc1s=
24,1,2D/o8JTnBivtVIFmp8X2FSjgIek=,kWRgt2M/Uf5zmbiyl2OeUpX3rzY=
27,2,2D/o8JTnBivtVIFmp8X2FSjgIek=,kWRgt2M/Uf5zmbiyl2OeUpX3rzY=
31,1,ArHivj9WB06ROfAbt2EcYMMfqwA=,u04+3FnHRb1TJ+Dt7oECrFCO4B8=
21,0,2D/o8JTnBivtVIFmp8X2FSjgIek=,/tP1631JjFRRNNEhNEmwHclKtac=
22,2,2D/o8JTnBivtVIFmp8X2FSjgIek=,/tP1631JjFRRNNEhNEmwHclKtac=
30,2,ArHivj9WB06ROfAbt2EcYMMfqwA=,u04+3FnHRb1TJ+Dt7oECrFCO4B8=
25,1,2D/o8JTnBivtVIFmp8X2FSjgIek=,kWRgt2M/Uf5zmbiyl2OeUpX3rzY=
17,1,2D/o8JTnBivtVIFmp8X2FSjgIek=,miwmiUSTwb57guI2Y5N1doupc1s=
20,1,2D/o8JTnBivtVIFmp8X2FSjgIek=,/tP1631JjFRRNNEhNEmwHclKtac=
17,0,2D/o8JTnBivtVIFmp8X2FSjgIek=,miwmiUSTwb57guI2Y5N1doupc1s=
18,0,2D/o8JTnBivtVIFmp8X2FSjgIek=,miwmiUSTwb57guI2Y5N1doupc1s=
20,0,2D/o8JTnBivtVIFmp8X2FSjgIek=,/tP1631JjFRRNNEhNEmwHclKtac=
19,0,2D/o8JTnBivtVIFmp8X2FSjgIek=,miwmiUSTwb57guI2Y5N1doupc1s=
21,1,2D/o8JTnBivtVIFmp8X2FSjgIek=,/tP1631JjFRRNNEhNEmwHclKtac=
16,2,2D/o8JTnBivtVIFmp8X2FSjgIek=,miwmiUSTwb57guI2Y5N1doupc1s=
16,0,2D/o8JTnBivtVIFmp8X2FSjgIek=,miwmiUSTwb57guI2Y5N1doupc1s=
16,1,2D/o8JTnBivtVIFmp8X2FSjgIek=,miwmiUSTwb57guI2Y5N1doupc1s=
26,2,ArHivj9WB06ROfAbt2EcYMMfqwA=,kWRgt2M/Uf5zmbiyl2OeUpX3rzY=
26,1,2D/o8JTnBivtVIFmp8X2FSjgIek=,kWRgt2M/Uf5zmbiyl2OeUpX3rzY=
27,1,2D/o8JTnBivtVIFmp8X2FSjgIek=,kWRgt2M/Uf5zmbiyl2OeUpX3rzY=
24,2,2D/o8JTnBivtVIFmp8X2FSjgIek=,kWRgt2M/Uf5zmbiyl2OeUpX3rzY=
25,2,2D/o8JTnBivtVIFmp8X2FSjgIek=,kWRgt2M/Uf5zmbiyl2OeUpX3rzY=
1,21,+XIRil1k144fXQsIPs7YT/YCfW0=,q/x3Q6gvKz9Wzpa3WM1xMiEry34=
2,21,+XIRil1k144fXQsIPs7YT/YCfW0=,q/x3Q6gvKz9Wzpa3WM1xMiEry34=
1,22,+XIRil1k144fXQsIPs7YT/YCfW0=,q/x3Q6gvKz9Wzpa3WM1xMiEry34=
1,23,+XIRil1k144fXQsIPs7YT/YCfW0=,q/x3Q6gvKz9Wzpa3WM1xMiEry34=
2,23,+XIRil1k144fXQsIPs7YT/YCfW0=,q/x3Q6gvKz9Wzpa3WM1xMiEry34=
2,22,+XIRil1k144fXQsIPs7YT/YCfW0=,q/x3Q6gvKz9Wzpa3WM1xMiEry34=
5,21,pUmZjxt4T3YhcaL3NAIuZQ4L4io=,sKq+rtGd9b6JgzpARfPCK7LkJz0=
6,21,pUmZjxt4T3YhcaL3NAIuZQ4L4io=,sKq+rtGd9b6JgzpARfPCK7LkJz0=
6,22,pUmZjxt4T3YhcaL3NAIuZQ4L4io=,sKq+rtGd9b6JgzpARfPCK7LkJz0=
1,20,+XIRil1k144fXQsIPs7YT/YCfW0=,q/x3Q6gvKz9Wzpa3WM1xMiEry34=
3,23,+XIRil1k144fXQsIPs7YT/YCfW0=,q/x3Q6gvKz9Wzpa3WM1xMiEry34=
4,26,pUmZjxt4T3YhcaL3NAIuZQ4L4io=,6Dl7RtZqR8vr8gOouAf0IAZcyDY=
7,25,pUmZjxt4T3YhcaL3NAIuZQ4L4io=,6Dl7RtZqR8vr8gOouAf0IAZcyDY=
4,25,pUmZjxt4T3YhcaL3NAIuZQ4L4io=,6Dl7RtZqR8vr8gOouAf0IAZcyDY=
6,29,pUmZjxt4T3YhcaL3NAIuZQ4L4io=,6PJ9t0KccluJP0ufrI+t0+GRxWg=
5,29,pUmZjxt4T3YhcaL3NAIuZQ4L4io=,6PJ9t0KccluJP0ufrI+t0+GRxWg=
6,30,pUmZjxt4T3YhcaL3NAIuZQ4L4io=,6PJ9t0KccluJP0ufrI+t0+GRxWg=
5,30,pUmZjxt4T3YhcaL3NAIuZQ4L4io=,6PJ9t0KccluJP0ufrI+t0+GRxWg=
5,27,pUmZjxt4T3YhcaL3NAIuZQ4L4io=,6Dl7RtZqR8vr8gOouAf0IAZcyDY=
5,28,pUmZjxt4T3YhcaL3NAIuZQ4L4io=,6PJ9t0KccluJP0ufrI+t0+GRxWg=
6,24,pUmZjxt4T3YhcaL3NAIuZQ4L4io=,6Dl7RtZqR8vr8gOouAf0IAZcyDY=
7,26,pUmZjxt4T3YhcaL3NAIuZQ4L4io=,6Dl7RtZqR8vr8gOouAf0IAZcyDY=
6,23,pUmZjxt4T3YhcaL3NAIuZQ4L4io=,sKq+rtGd9b6JgzpARfPCK7LkJz0=
4,24,pUmZjxt4T3YhcaL3NAIuZQ4L4io=,6Dl7RtZqR8vr8gOouAf0IAZcyDY=
4,23,pUmZjxt4T3YhcaL3NAIuZQ4L4io=,sKq+rtGd9b6JgzpARfPCK7LkJz0=
5,23,pUmZjxt4T3YhcaL3NAIuZQ4L4io=,sKq+rtGd9b6JgzpARfPCK7LkJz0=
5,22,pUmZjxt4T3YhcaL3NAIuZQ4L4io=,sKq+rtGd9b6JgzpARfPCK7LkJz0=
6,31,pUmZjxt4T3YhcaL3NAIuZQ4L4io=,6PJ9t0KccluJP0ufrI+t0+GRxWg=
5,31,pUmZjxt4T3YhcaL3NAIuZQ4L4io=,6PJ9t0KccluJP0ufrI+t0+GRxWg=
4,22,pUmZjxt4T3YhcaL3NAIuZQ4L4io=,sKq+rtGd9b6JgzpARfPCK7LkJz0=
3,22,+XIRil1k144fXQsIPs7YT/YCfW0=,q/x3Q6gvKz9Wzpa3WM1xMiEry34=
5,25,pUmZjxt4T3YhcaL3NAIuZQ4L4io=,6Dl7RtZqR8vr8gOouAf0IAZcyDY=
5,24,pUmZjxt4T3YhcaL3NAIuZQ4L4io=,6Dl7RtZqR8vr8gOouAf0IAZcyDY=
7,21,pUmZjxt4T3YhcaL3NAIuZQ4L4io=,sKq+rtGd9b6JgzpARfPCK7LkJz0=
7,22,pUmZjxt4T3YhcaL3NAIuZQ4L4io=,sKq+rtGd9b6JgzpARfPCK7LkJz0=
7,23,pUmZjxt4T3YhcaL3NAIuZQ4L4io=,sKq+rtGd9b6JgzpARfPCK7LkJz0=
7,24,pUmZjxt4T3YhcaL3NAIuZQ4L4io=,6Dl7RtZqR8vr8gOouAf0IAZcyDY=
6,25,pUmZjxt4T3YhcaL3NAIuZQ4L4io=,6Dl7RtZqR8vr8gOouAf0IAZcyDY=
4,20,pUmZjxt4T3YhcaL3NAIuZQ4L4io=,sKq+rtGd9b6JgzpARfPCK7LkJz0=
5,20,pUmZjxt4T3YhcaL3NAIuZQ4L4io=,sKq+rtGd9b6JgzpARfPCK7LkJz0=
6,20,pUmZjxt4T3YhcaL3NAIuZQ4L4io=,sKq+rtGd9b6JgzpARfPCK7LkJz0=
3,20,+XIRil1k144fXQsIPs7YT/YCfW0=,q/x3Q6gvKz9Wzpa3WM1xMiEry34=
3,21,+XIRil1k144fXQsIPs7YT/YCfW0=,q/x3Q6gvKz9Wzpa3WM1xMiEry34=
2,20,+XIRil1k144fXQsIPs7YT/YCfW0=,q/x3Q6gvKz9Wzpa3WM1xMiEry34=
4,21,pUmZjxt4T3YhcaL3NAIuZQ4L4io=,sKq+rtGd9b6JgzpARfPCK7LkJz0=
7,31,pUmZjxt4T3YhcaL3NAIuZQ4L4io=,6PJ9t0KccluJP0ufrI+t0+GRxWg=
7,30,pUmZjxt4T3YhcaL3NAIuZQ4L4io=,6PJ9t0KccluJP0ufrI+t0+GRxWg=
6,28,pUmZjxt4T3YhcaL3NAIuZQ4L4io=,6PJ9t0KccluJP0ufrI+t0+GRxWg=
4,29,pUmZjxt4T3YhcaL3NAIuZQ4L4io=,6PJ9t0KccluJP0ufrI+t0+GRxWg=
4,30,pUmZjxt4T3YhcaL3NAIuZQ4L4io=,6PJ9t0KccluJP0ufrI+t0+GRxWg=
4,27,pUmZjxt4T3YhcaL3NAIuZQ4L4io=,6Dl7RtZqR8vr8gOouAf0IAZcyDY=
4,28,pUmZjxt4T3YhcaL3NAIuZQ4L4io=,6PJ9t0KccluJP0ufrI+t0+GRxWg=
0,20,+XIRil1k144fXQsIPs7YT/YCfW0=,q/x3Q6gvKz9Wzpa3WM1xMiEry34=
0,21,+XIRil1k144fXQsIPs7YT/YCfW0=,q/x3Q6gvKz9Wzpa3WM1xMiEry34=
0,22,+XIRil1k144fXQsIPs7YT/YCfW0=,q/x3Q6gvKz9Wzpa3WM1xMiEry34=
0,23,+XIRil1k144fXQsIPs7YT/YCfW0=,q/x3Q6gvKz9Wzpa3WM1xMiEry34=
4,31,pUmZjxt4T3YhcaL3NAIuZQ4L4io=,6PJ9t0KccluJP0ufrI+t0+GRxWg=
5,26,pUmZjxt4T3YhcaL3NAIuZQ4L4io=,6Dl7RtZqR8vr8gOouAf0IAZcyDY=
6,26,pUmZjxt4T3YhcaL3NAIuZQ4L4io=,6Dl7RtZqR8vr8gOouAf0IAZcyDY=
7,27,pUmZjxt4T3YhcaL3NAIuZQ4L4io=,6Dl7RtZqR8vr8gOouAf0IAZcyDY=
7,20,pUmZjxt4T3YhcaL3NAIuZQ4L4io=,sKq+rtGd9b6JgzpARfPCK7LkJz0=
7,29,pUmZjxt4T3YhcaL3NAIuZQ4L4io=,6PJ9t0KccluJP0ufrI+t0+GRxWg=
6,27,pUmZjxt4T3YhcaL3NAIuZQ4L4io=,6Dl7RtZqR8vr8gOouAf0IAZcyDY=
7,28,pUmZjxt4T3YhcaL3NAIuZQ4L4io=,6PJ9t0KccluJP0ufrI+t0+GRxWg=
29,9,nraqy6MfkJWdOLWH/erLxougg9k=,kElPfAWtV5TLM0KJOTxqgtE6wYQ=
30,9,nraqy6MfkJWdOLWH/erLxougg9k=,kElPfAWtV5TLM0KJOTxqgtE6wYQ=
29,10,nraqy6MfkJWdOLWH/erLxougg9k=,kElPfAWtV5TLM0KJOTxqgtE6wYQ=
30,10,nraqy6MfkJWdOLWH/erLxougg9k=,kElPfAWtV5TLM0KJOTxqgtE6wYQ=
28,10,nraqy6MfkJWdOLWH/erLxougg9k=,kElPfAWtV5TLM0KJOTxqgtE6wYQ=
25,9,owJxaCfYjIjD3DY28+qeoNpDfcs=,rKteJEBh1be+OSR9VRT2IJHq8bg=
25,8,owJxaCfYjIjD3DY28+qeoNpDfcs=,rKteJEBh1be+OSR9VRT2IJHq8bg=
25,10,owJxaCfYjIjD3DY28+qeoNpDfcs=,rKteJEBh1be+OSR9VRT2IJHq8bg=
26,8,owJxaCfYjIjD3DY28+qeoNpDfcs=,rKteJEBh1be+OSR9VRT2IJHq8bg=
24,9,owJxaCfYjIjD3DY28+qeoNpDfcs=,rKteJEBh1be+OSR9VRT2IJHq8bg=
24,10,owJxaCfYjIjD3DY28+qeoNpDfcs=,rKteJEBh1be+OSR9VRT2IJHq8bg=
26,13,nraqy6MfkJWdOLWH/erLxougg9k=,lNtTx1PKr/qiiLUIIj2irAs7lg0=
26,14,nraqy6MfkJWdOLWH/erLxougg9k=,lNtTx1PKr/qiiLUIIj2irAs7lg0=
24,12,nraqy6MfkJWdOLWH/erLxougg9k=,lNtTx1PKr/qiiLUIIj2irAs7lg0=
25,11,owJxaCfYjIjD3DY28+qeoNpDfcs=,rKteJEBh1be+OSR9VRT2IJHq8bg=
23,12,nraqy6MfkJWdOLWH/erLxougg9k=,t2VoU5LQlnjTRXTi4HXld0akA1c=
22,12,nraqy6MfkJWdOLWH/erLxougg9k=,t2VoU5LQlnjTRXTi4HXld0akA1c=
21,12,nraqy6MfkJWdOLWH/erLxougg9k=,t2VoU5LQlnjTRXTi4HXld0akA1c=
24,11,owJxaCfYjIjD3DY28+qeoNpDfcs=,rKteJEBh1be+OSR9VRT2IJHq8bg=
22,13,nraqy6MfkJWdOLWH/erLxougg9k=,t2VoU5LQlnjTRXTi4HXld0akA1c=
23,13,nraqy6MfkJWdOLWH/erLxougg9k=,t2VoU5LQlnjTRXTi4HXld0akA1c=
24,13,nraqy6MfkJWdOLWH/erLxougg9k=,lNtTx1PKr/qiiLUIIj2irAs7lg0=
25,12,nraqy6MfkJWdOLWH/erLxougg9k=,lNtTx1PKr/qiiLUIIj2irAs7lg0=
25,13,nraqy6MfkJWdOLWH/erLxougg9k=,lNtTx1PKr/qiiLUIIj2irAs7lg0=
28,6,J7KuECMoWQQ433w1tGTrSJdbmfc=,YtK0jcnI6GcBiC3d6zRL1SQ4R4c=
30,8,nraqy6MfkJWdOLWH/erLxougg9k=,kElPfAWtV5TLM0KJOTxqgtE6wYQ=
27,8,owJxaCfYjIjD3DY28+qeoNpDfcs=,rKteJEBh1be+OSR9VRT2IJHq8bg=
28,5,J7KuECMoWQQ433w1tGTrSJdbmfc=,YtK0jcnI6GcBiC3d6zRL1SQ4R4c=
26,9,owJxaCfYjIjD3DY28+qeoNpDfcs=,rKteJEBh1be+OSR9VRT2IJHq8bg=
29,8,nraqy6MfkJWdOLWH/erLxougg9k=,kElPfAWtV5TLM0KJOTxqgtE6wYQ=
28,7,J7KuECMoWQQ433w1tGTrSJdbmfc=,YtK0jcnI6GcBiC3d6zRL1SQ4R4c=
27,9,owJxaCfYjIjD3DY28+qeoNpDfcs=,rKteJEBh1be+OSR9VRT2IJHq8bg=
28,9,nraqy6MfkJWdOLWH/erLxougg9k=,kElPfAWtV5TLM0KJOTxqgtE6wYQ=
28,8,nraqy6MfkJWdOLWH/erLxougg9k=,kElPfAWtV5TLM0KJOTxqgtE6wYQ=
24,8,owJxaCfYjIjD3DY28+qeoNpDfcs=,rKteJEBh1be+OSR9VRT2IJHq8bg=
29,7,J7KuECMoWQQ433w1tGTrSJdbmfc=,YtK0jcnI6GcBiC3d6zRL1SQ4R4c=
29,6,J7KuECMoWQQ433w1tGTrSJdbmfc=,YtK0jcnI6GcBiC3d6zRL1SQ4R4c=
28,4,J7KuECMoWQQ433w1tGTrSJdbmfc=,YtK0jcnI6GcBiC3d6zRL1SQ4R4c=
29,4,J7KuECMoWQQ433w1tGTrSJdbmfc=,YtK0jcnI6GcBiC3d6zRL1SQ4R4c=
29,5,J7KuECMoWQQ433w1tGTrSJdbmfc=,YtK0jcnI6GcBiC3d6zRL1SQ4R4c=
31,9,nraqy6MfkJWdOLWH/erLxougg9k=,kElPfAWtV5TLM0KJOTxqgtE6wYQ=
31,10,nraqy6MfkJWdOLWH/erLxougg9k=,kElPfAWtV5TLM0KJOTxqgtE6wYQ=
28,11,nraqy6MfkJWdOLWH/erLxougg9k=,kElPfAWtV5TLM0KJOTxqgtE6wYQ=
29,11,nraqy6MfkJWdOLWH/erLxougg9k=,kElPfAWtV5TLM0KJOTxqgtE6wYQ=
30,11,nraqy6MfkJWdOLWH/erLxougg9k=,kElPfAWtV5TLM0KJOTxqgtE6wYQ=
31,11,nraqy6MfkJWdOLWH/erLxougg9k=,kElPfAWtV5TLM0KJOTxqgtE6wYQ=
27,12,nraqy6MfkJWdOLWH/erLxougg9k=,lNtTx1PKr/qiiLUIIj2irAs7lg0=
27,14,nraqy6MfkJWdOLWH/erLxougg9k=,lNtTx1PKr/qiiLUIIj2irAs7lg0=
27,13,nraqy6MfkJWdOLWH/erLxougg9k=,lNtTx1PKr/qiiLUIIj2irAs7lg0=
17,15,owJxaCfYjIjD3DY28+qeoNpDfcs=,a4orEdGf3at+zwEpzorwzZ8/2tY=
18,15,owJxaCfYjIjD3DY28+qeoNpDfcs=,a4orEdGf3at+zwEpzorwzZ8/2tY=
22,15,nraqy6MfkJWdOLWH/erLxougg9k=,t2VoU5LQlnjTRXTi4HXld0akA1c=
19,15,owJxaCfYjIjD3DY28+qeoNpDfcs=,a4orEdGf3at+zwEpzorwzZ8/2tY=
21,15,nraqy6MfkJWdOLWH/erLxougg9k=,t2VoU5LQlnjTRXTi4HXld0akA1c=
20,15,nraqy6MfkJWdOLWH/erLxougg9k=,t2VoU5LQlnjTRXTi4HXld0akA1c=
24,15,nraqy6MfkJWdOLWH/erLxougg9k=,lNtTx1PKr/qiiLUIIj2irAs7lg0=
25,15,nraqy6MfkJWdOLWH/erLxougg9k=,lNtTx1PKr/qiiLUIIj2irAs7lg0=
26,15,nraqy6MfkJWdOLWH/erLxougg9k=,lNtTx1PKr/qiiLUIIj2irAs7lg0=
26,10,owJxaCfYjIjD3DY28+qeoNpDfcs=,rKteJEBh1be+OSR9VRT2IJHq8bg=
27,15,nraqy6MfkJWdOLWH/erLxougg9k=,lNtTx1PKr/qiiLUIIj2irAs7lg0=
18,12,owJxaCfYjIjD3DY28+qeoNpDfcs=,a4orEdGf3at+zwEpzorwzZ8/2tY=
19,12,owJxaCfYjIjD3DY28+qeoNpDfcs=,a4orEdGf3at+zwEpzorwzZ8/2tY=
20,12,nraqy6MfkJWdOLWH/erLxougg9k=,t2VoU5LQlnjTRXTi4HXld0akA1c=
23,15,nraqy6MfkJWdOLWH/erLxougg9k=,t2VoU5LQlnjTRXTi4HXld0akA1c=
26,12,nraqy6MfkJWdOLWH/erLxougg9k=,lNtTx1PKr/qiiLUIIj2irAs7lg0=
20,13,nraqy6MfkJWdOLWH/erLxougg9k=,t2VoU5LQlnjTRXTi4HXld0akA1c=
20,14,nraqy6MfkJWdOLWH/erLxougg9k=,t2VoU5LQlnjTRXTi4HXld0akA1c=
27,11,owJxaCfYjIjD3DY28+qeoNpDfcs=,rKteJEBh1be+OSR9VRT2IJHq8bg=
26,11,owJxaCfYjIjD3DY28+qeoNpDfcs=,rKteJEBh1be+OSR9VRT2IJHq8bg=
18,14,owJxaCfYjIjD3DY28+qeoNpDfcs=,a4orEdGf3at+zwEpzorwzZ8/2tY=
27,10,owJxaCfYjIjD3DY28+qeoNpDfcs=,rKteJEBh1be+OSR9VRT2IJHq8bg=
25,14,nraqy6MfkJWdOLWH/erLxougg9k=,lNtTx1PKr/qiiLUIIj2irAs7lg0=
19,13,owJxaCfYjIjD3DY28+qeoNpDfcs=,a4orEdGf3at+zwEpzorwzZ8/2tY=
21,13,nraqy6MfkJWdOLWH/erLxougg9k=,t2VoU5LQlnjTRXTi4HXld0akA1c=
24,14,nraqy6MfkJWdOLWH/erLxougg9k=,lNtTx1PKr/qiiLUIIj2irAs7lg0=
22,14,nraqy6MfkJWdOLWH/erLxougg9k=,t2VoU5LQlnjTRXTi4HXld0akA1c=
23,14,nraqy6MfkJWdOLWH/erLxougg9k=,t2VoU5LQlnjTRXTi4HXld0akA1c=
19,14,owJxaCfYjIjD3DY28+qeoNpDfcs=,a4orEdGf3at+zwEpzorwzZ8/2tY=
21,14,nraqy6MfkJWdOLWH/erLxougg9k=,t2VoU5LQlnjTRXTi4HXld0akA1c=
31,8,nraqy6MfkJWdOLWH/erLxougg9k=,kElPfAWtV5TLM0KJOTxqgtE6wYQ=
18,13,owJxaCfYjIjD3DY28+qeoNpDfcs=,a4orEdGf3at+zwEpzorwzZ8/2tY=
16,14,owJxaCfYjIjD3DY28+qeoNpDfcs=,a4orEdGf3at+zwEpzorwzZ8/2tY=
16,15,owJxaCfYjIjD3DY28+qeoNpDfcs=,a4orEdGf3at+zwEpzorwzZ8/2tY=
16,12,owJxaCfYjIjD3DY28+qeoNpDfcs=,a4orEdGf3at+zwEpzorwzZ8/2tY=
30,7,J7KuECMoWQQ433w1tGTrSJdbmfc=,YtK0jcnI6GcBiC3d6zRL1SQ4R4c=
17,14,owJxaCfYjIjD3DY28+qeoNpDfcs=,a4orEdGf3at+zwEpzorwzZ8/2tY=
17,12,owJxaCfYjIjD3DY28+qeoNpDfcs=,a4orEdGf3at+zwEpzorwzZ8/2tY=
31,5,J7KuECMoWQQ433w1tGTrSJdbmfc=,YtK0jcnI6GcBiC3d6zRL1SQ4R4c=
31,7,J7KuECMoWQQ433w1tGTrSJdbmfc=,YtK0jcnI6GcBiC3d6zRL1SQ4R4c=
17,13,owJxaCfYjIjD3DY28+qeoNpDfcs=,a4orEdGf3at+zwEpzorwzZ8/2tY=
16,13,owJxaCfYjIjD3DY28+qeoNpDfcs=,a4orEdGf3at+zwEpzorwzZ8/2tY=
30,6,J7KuECMoWQQ433w1tGTrSJdbmfc=,YtK0jcnI6GcBiC3d6zRL1SQ4R4c=
31,6,J7KuECMoWQQ433w1tGTrSJdbmfc=,YtK0jcnI6GcBiC3d6zRL1SQ4R4c=
30,4,J7KuECMoWQQ433w1tGTrSJdbmfc=,YtK0jcnI6GcBiC3d6zRL1SQ4R4c=
30,5,J7KuECMoWQQ433w1tGTrSJdbmfc=,YtK0jcnI6GcBiC3d6zRL1SQ4R4c=
31,4,J7KuECMoWQQ433w1tGTrSJdbmfc=,YtK0jcnI6GcBiC3d6zRL1SQ4R4c=
13,6,IiO/C7/uq68akb28CrGVIryMfUk=,wdSi6BX2lcNh81FTKDAUyQpdtT4=
13,5,IiO/C7/uq68akb28CrGVIryMfUk=,wdSi6BX2lcNh81FTKDAUyQpdtT4=
14,5,IiO/C7/uq68akb28CrGVIryMfUk=,wdSi6BX2lcNh81FTKDAUyQpdtT4=
12,6,IiO/C7/uq68akb28CrGVIryMfUk=,wdSi6BX2lcNh81FTKDAUyQpdtT4=
12,5,IiO/C7/uq68akb28CrGVIryMfUk=,wdSi6BX2lcNh81FTKDAUyQpdtT4=
14,6,IiO/C7/uq68akb28CrGVIryMfUk=,wdSi6BX2lcNh81FTKDAUyQpdtT4=
12,4,IiO/C7/uq68akb28CrGVIryMfUk=,wdSi6BX2lcNh81FTKDAUyQpdtT4=
14,4,IiO/C7/uq68akb28CrGVIryMfUk=,wdSi6BX2lcNh81FTKDAUyQpdtT4=
13,4,IiO/C7/uq68akb28CrGVIryMfUk=,wdSi6BX2lcNh81FTKDAUyQpdtT4=
15,5,IiO/C7/uq68akb28CrGVIryMfUk=,wdSi6BX2lcNh81FTKDAUyQpdtT4=
15,6,IiO/C7/uq68akb28CrGVIryMfUk=,wdSi6BX2lcNh81FTKDAUyQpdtT4=
13,7,IiO/C7/uq68akb28CrGVIryMfUk=,wdSi6BX2lcNh81FTKDAUyQpdtT4=
14,7,IiO/C7/uq68akb28CrGVIryMfUk=,wdSi6BX2lcNh81FTKDAUyQpdtT4=
15,7,IiO/C7/uq68akb28CrGVIryMfUk=,wdSi6BX2lcNh81FTKDAUyQpdtT4=
12,7,IiO/C7/uq68akb28CrGVIryMfUk=,wdSi6BX2lcNh81FTKDAUyQpdtT4=
15,4,IiO/C7/uq68akb28CrGVIryMfUk=,wdSi6BX2lcNh81FTKDAUyQpdtT4=
26,6,owJxaCfYjIjD3DY28+qeoNpDfcs=,ql6e061nELkyJvc45I3ApECCftY=
25,5,owJxaCfYjIjD3DY28+qeoNpDfcs=,ql6e061nELkyJvc45I3ApECCftY=
25,6,owJxaCfYjIjD3DY28+qeoNpDfcs=,ql6e061nELkyJvc45I3ApECCftY=
21,5,owJxaCfYjIjD3DY28+qeoNpDfcs=,MZ0FtN6mR2xK5/RXpcZGKszLXvA=
24,6,owJxaCfYjIjD3DY28+qeoNpDfcs=,ql6e061nELkyJvc45I3ApECCftY=
21,6,owJxaCfYjIjD3DY28+qeoNpDfcs=,MZ0FtN6mR2xK5/RXpcZGKszLXvA=
23,6,owJxaCfYjIjD3DY28+qeoNpDfcs=,MZ0FtN6mR2xK5/RXpcZGKszLXvA=
22,6,owJxaCfYjIjD3DY28+qeoNpDfcs=,MZ0FtN6mR2xK5/RXpcZGKszLXvA=
23,5,owJxaCfYjIjD3DY28+qeoNpDfcs=,MZ0FtN6mR2xK5/RXpcZGKszLXvA=
22,5,owJxaCfYjIjD3DY28+qeoNpDfcs=,MZ0FtN6mR2xK5/RXpcZGKszLXvA=
20,5,owJxaCfYjIjD3DY28+qeoNpDfcs=,MZ0FtN6mR2xK5/RXpcZGKszLXvA=
20,6,owJxaCfYjIjD3DY28+qeoNpDfcs=,MZ0FtN6mR2xK5/RXpcZGKszLXvA=
27,6,owJxaCfYjIjD3DY28+qeoNpDfcs=,ql6e061nELkyJvc45I3ApECCftY=
27,5,owJxaCfYjIjD3DY28+qeoNpDfcs=,ql6e061nELkyJvc45I3ApECCftY=
26,5,owJxaCfYjIjD3DY28+qeoNpDfcs=,ql6e061nELkyJvc45I3ApECCftY=
27,4,owJxaCfYjIjD3DY28+qeoNpDfcs=,ql6e061nELkyJvc45I3ApECCftY=
24,5,owJxaCfYjIjD3DY28+qeoNpDfcs=,ql6e061nELkyJvc45I3ApECCftY=
26,4,owJxaCfYjIjD3DY28+qeoNpDfcs=,ql6e061nELkyJvc45I3ApECCftY=
22,4,owJxaCfYjIjD3DY28+qeoNpDfcs=,MZ0FtN6mR2xK5/RXpcZGKszLXvA=
23,4,owJxaCfYjIjD3DY28+qeoNpDfcs=,MZ0FtN6mR2xK5/RXpcZGKszLXvA=
24,4,owJxaCfYjIjD3DY28+qeoNpDfcs=,ql6e061nELkyJvc45I3ApECCftY=
25,4,owJxaCfYjIjD3DY28+qeoNpDfcs=,ql6e061nELkyJvc45I3ApECCftY=
22,7,owJxaCfYjIjD3DY28+qeoNpDfcs=,MZ0FtN6mR2xK5/RXpcZGKszLXvA=
21,7,owJxaCfYjIjD3DY28+qeoNpDfcs=,MZ0FtN6mR2xK5/RXpcZGKszLXvA=
20,7,owJxaCfYjIjD3DY28+qeoNpDfcs=,MZ0FtN6mR2xK5/RXpcZGKszLXvA=
23,7,owJxaCfYjIjD3DY28+qeoNpDfcs=,MZ0FtN6mR2xK5/RXpcZGKszLXvA=
24,7,owJxaCfYjIjD3DY28+qeoNpDfcs=,ql6e061nELkyJvc45I3ApECCftY=
27,7,owJxaCfYjIjD3DY28+qeoNpDfcs=,ql6e061nELkyJvc45I3ApECCftY=
26,7,owJxaCfYjIjD3DY28+qeoNpDfcs=,ql6e061nELkyJvc45I3ApECCftY=
25,7,owJxaCfYjIjD3DY28+qeoNpDfcs=,ql6e061nELkyJvc45I3ApECCftY=
21,4,owJxaCfYjIjD3DY28+qeoNpDfcs=,MZ0FtN6mR2xK5/RXpcZGKszLXvA=
20,4,owJxaCfYjIjD3DY28+qeoNpDfcs=,MZ0FtN6mR2xK5/RXpcZGKszLXvA=
17,10,vGbszYAYfAVa7H+h9f6mGvz3e9A=,/G+zDETlKJH/B0lb8gD/SZa+FSg=
18,10,vGbszYAYfAVa7H+h9f6mGvz3e9A=,/G+zDETlKJH/B0lb8gD/SZa+FSg=
20,10,vGbszYAYfAVa7H+h9f6mGvz3e9A=,UasnQQgmZLSlZkWqwwRTwv+4A3A=
21,10,vGbszYAYfAVa7H+h9f6mGvz3e9A=,UasnQQgmZLSlZkWqwwRTwv+4A3A=
22,10,vGbszYAYfAVa7H+h9f6mGvz3e9A=,UasnQQgmZLSlZkWqwwRTwv+4A3A=
19,10,vGbszYAYfAVa7H+h9f6mGvz3e9A=,/G+zDETlKJH/B0lb8gD/SZa+FSg=
21,11,vGbszYAYfAVa7H+h9f6mGvz3e9A=,UasnQQgmZLSlZkWqwwRTwv+4A3A=
22,11,vGbszYAYfAVa7H+h9f6mGvz3e9A=,UasnQQgmZLSlZkWqwwRTwv+4A3A=
23,11,vGbszYAYfAVa7H+h9f6mGvz3e9A=,UasnQQgmZLSlZkWqwwRTwv+4A3A=
23,10,vGbszYAYfAVa7H+h9f6mGvz3e9A=,UasnQQgmZLSlZkWqwwRTwv+4A3A=
23,8,vGbszYAYfAVa7H+h9f6mGvz3e9A=,UasnQQgmZLSlZkWqwwRTwv+4A3A=
22,8,vGbszYAYfAVa7H+h9f6mGvz3e9A=,UasnQQgmZLSlZkWqwwRTwv+4A3A=
22,9,vGbszYAYfAVa7H+h9f6mGvz3e9A=,UasnQQgmZLSlZkWqwwRTwv+4A3A=
23,9,vGbszYAYfAVa7H+h9f6mGvz3e9A=,UasnQQgmZLSlZkWqwwRTwv+4A3A=
19,9,0VSOUnHBa4La7+4Ea8JRvhIk+/Y=,/G+zDETlKJH/B0lb8gD/SZa+FSg=
21,9,vGbszYAYfAVa7H+h9f6mGvz3e9A=,UasnQQgmZLSlZkWqwwRTwv+4A3A=
18,9,vGbszYAYfAVa7H+h9f6mGvz3e9A=,/G+zDETlKJH/B0lb8gD/SZa+FSg=
20,9,vGbszYAYfAVa7H+h9f6mGvz3e9A=,UasnQQgmZLSlZkWqwwRTwv+4A3A=
19,8,vGbszYAYfAVa7H+h9f6mGvz3e9A=,/G+zDETlKJH/B0lb8gD/SZa+FSg=
20,8,vGbszYAYfAVa7H+h9f6mGvz3e9A=,UasnQQgmZLSlZkWqwwRTwv+4A3A=
21,8,vGbszYAYfAVa7H+h9f6mGvz3e9A=,UasnQQgmZLSlZkWqwwRTwv+4A3A=
16,10,vGbszYAYfAVa7H+h9f6mGvz3e9A=,/G+zDETlKJH/B0lb8gD/SZa+FSg=
16,9,vGbszYAYfAVa7H+h9f6mGvz3e9A=,/G+zDETlKJH/B0lb8gD/SZa+FSg=
20,11,vGbszYAYfAVa7H+h9f6mGvz3e9A=,UasnQQgmZLSlZkWqwwRTwv+4A3A=
19,11,vGbszYAYfAVa7H+h9f6mGvz3e9A=,/G+zDETlKJH/B0lb8gD/SZa+FSg=
18,11,vGbszYAYfAVa7H+h9f6mGvz3e9A=,/G+zDETlKJH/B0lb8gD/SZa+FSg=
17,11,vGbszYAYfAVa7H+h9f6mGvz3e9A=,/G+zDETlKJH/B0lb8gD/SZa+FSg=
16,11,vGbszYAYfAVa7H+h9f6mGvz3e9A=,/G+zDETlKJH/B0lb8gD/SZa+FSg=
17,9,vGbszYAYfAVa7H+h9f6mGvz3e9A=,/G+zDETlKJH/B0lb8gD/SZa+FSg=
18,8,vGbszYAYfAVa7H+h9f6mGvz3e9A=,/G+zDETlKJH/B0lb8gD/SZa+FSg=
16,8,vGbszYAYfAVa7H+h9f6mGvz3e9A=,/G+zDETlKJH/B0lb8gD/SZa+FSg=
17,8,vGbszYAYfAVa7H+h9f6mGvz3e9A=,/G+zDETlKJH/B0lb8gD/SZa+FSg=
25,30,x5jPsjB+U0zBP7FALKFXNCfRT0g=,xAmFbFtTpJYvfyoN4CaZYMRTI3s=
26,30,x5jPsjB+U0zBP7FALKFXNCfRT0g=,xAmFbFtTpJYvfyoN4CaZYMRTI3s=
26,29,x5jPsjB+U0zBP7FALKFXNCfRT0g=,xAmFbFtTpJYvfyoN4CaZYMRTI3s=
25,29,x5jPsjB+U0zBP7FALKFXNCfRT0g=,xAmFbFtTpJYvfyoN4CaZYMRTI3s=
24,30,x5jPsjB+U0zBP7FALKFXNCfRT0g=,xAmFbFtTpJYvfyoN4CaZYMRTI3s=
24,29,x5jPsjB+U0zBP7FALKFXNCfRT0g=,xAmFbFtTpJYvfyoN4CaZYMRTI3s=
22,30,x5jPsjB+U0zBP7FALKFXNCfRT0g=,cijBsfOjQvi5bnqSLMIB5xGNsl8=
21,30,x5jPsjB+U0zBP7FALKFXNCfRT0g=,cijBsfOjQvi5bnqSLMIB5xGNsl8=
23,29,x5jPsjB+U0zBP7FALKFXNCfRT0g=,cijBsfOjQvi5bnqSLMIB5xGNsl8=
22,29,x5jPsjB+U0zBP7FALKFXNCfRT0g=,cijBsfOjQvi5bnqSLMIB5xGNsl8=
21,29,x5jPsjB+U0zBP7FALKFXNCfRT0g=,cijBsfOjQvi5bnqSLMIB5xGNsl8=
23,30,x5jPsjB+U0zBP7FALKFXNCfRT0g=,cijBsfOjQvi5bnqSLMIB5xGNsl8=
20,29,x5jPsjB+U0zBP7FALKFXNCfRT0g=,cijBsfOjQvi5bnqSLMIB5xGNsl8=
20,30,x5jPsjB+U0zBP7FALKFXNCfRT0g=,cijBsfOjQvi5bnqSLMIB5xGNsl8=
26,28,x5jPsjB+U0zBP7FALKFXNCfRT0g=,xAmFbFtTpJYvfyoN4CaZYMRTI3s=
22,25,x5jPsjB+U0zBP7FALKFXNCfRT0g=,XgRyNGE4a/9qaZzpmIDEo7w5Yhk=
23,25,x5jPsjB+U0zBP7FALKFXNCfRT0g=,XgRyNGE4a/9qaZzpmIDEo7w5Yhk=
25,28,x5jPsjB+U0zBP7FALKFXNCfRT0g=,xAmFbFtTpJYvfyoN4CaZYMRTI3s=
21,28,x5jPsjB+U0zBP7FALKFXNCfRT0g=,cijBsfOjQvi5bnqSLMIB5xGNsl8=
24,25,/OYvP5n7hgWhL7O8sZCaY+8Tsww=,AF0yfsxlcIP2Nv+QY9CZBF9bc8o=
25,25,/OYvP5n7hgWhL7O8sZCaY+8Tsww=,AF0yfsxlcIP2Nv+QY9CZBF9bc8o=
24,26,/OYvP5n7hgWhL7O8sZCaY+8Tsww=,AF0yfsxlcIP2Nv+QY9CZBF9bc8o=
27,30,x5jPsjB+U0zBP7FALKFXNCfRT0g=,xAmFbFtTpJYvfyoN4CaZYMRTI3s=
27,29,x5jPsjB+U0zBP7FALKFXNCfRT0g=,xAmFbFtTpJYvfyoN4CaZYMRTI3s=
22,28,x5jPsjB+U0zBP7FALKFXNCfRT0g=,cijBsfOjQvi5bnqSLMIB5xGNsl8=
24,28,x5jPsjB+U0zBP7FALKFXNCfRT0g=,xAmFbFtTpJYvfyoN4CaZYMRTI3s=
23,26,x5jPsjB+U0zBP7FALKFXNCfRT0g=,XgRyNGE4a/9qaZzpmIDEo7w5Yhk=
25,24,/OYvP5n7hgWhL7O8sZCaY+8Tsww=,AF0yfsxlcIP2Nv+QY9CZBF9bc8o=
26,24,/OYvP5n7hgWhL7O8sZCaY+8Tsww=,AF0yfsxlcIP2Nv+QY9CZBF9bc8o=
24,24,/OYvP5n7hgWhL7O8sZCaY+8Tsww=,AF0yfsxlcIP2Nv+QY9CZBF9bc8o=
21,24,x5jPsjB+U0zBP7FALKFXNCfRT0g=,XgRyNGE4a/9qaZzpmIDEo7w5Yhk=
22,24,x5jPsjB+U0zBP7FALKFXNCfRT0g=,XgRyNGE4a/9qaZzpmIDEo7w5Yhk=
23,24,x5jPsjB+U0zBP7FALKFXNCfRT0g=,XgRyNGE4a/9qaZzpmIDEo7w5Yhk=
23,28,x5jPsjB+U0zBP7FALKFXNCfRT0g=,cijBsfOjQvi5bnqSLMIB5xGNsl8=
25,27,/OYvP5n7hgWhL7O8sZCaY+8Tsww=,AF0yfsxlcIP2Nv+QY9CZBF9bc8o=
20,28,x5jPsjB+U0zBP7FALKFXNCfRT0g=,cijBsfOjQvi5bnqSLMIB5xGNsl8=
18,24,x5jPsjB+U0zBP7FALKFXNCfRT0g=,L+vf640ixsRpC2eJnj2mN61mpyw=
20,27,x5jPsjB+U0zBP7FALKFXNCfRT0g=,XgRyNGE4a/9qaZzpmIDEo7w5Yhk=
17,24,x5jPsjB+U0zBP7FALKFXNCfRT0g=,L+vf640ixsRpC2eJnj2mN61mpyw=
28,25,/OYvP5n7hgWhL7O8sZCaY+8Tsww=,cJ9+ybW3QQqXKb3RDdLPqTPbhp4=
27,28,x5jPsjB+U0zBP7FALKFXNCfRT0g=,xAmFbFtTpJYvfyoN4CaZYMRTI3s=
27,24,/OYvP5n7hgWhL7O8sZCaY+8Tsww=,AF0yfsxlcIP2Nv+QY9CZBF9bc8o=
25,31,x5jPsjB+U0zBP7FALKFXNCfRT0g=,xAmFbFtTpJYvfyoN4CaZYMRTI3s=
26,31,x5jPsjB+U0zBP7FALKFXNCfRT0g=,xAmFbFtTpJYvfyoN4CaZYMRTI3s=
27,31,x5jPsjB+U0zBP7FALKFXNCfRT0g=,xAmFbFtTpJYvfyoN4CaZYMRTI3s=
24,31,x5jPsjB+U0zBP7FALKFXNCfRT0g=,xAmFbFtTpJYvfyoN4CaZYMRTI3s=
21,31,x5jPsjB+U0zBP7FALKFXNCfRT0g=,cijBsfOjQvi5bnqSLMIB5xGNsl8=
22,31,x5jPsjB+U0zBP7FALKFXNCfRT0g=,cijBsfOjQvi5bnqSLMIB5xGNsl8=
23,31,x5jPsjB+U0zBP7FALKFXNCfRT0g=,cijBsfOjQvi5bnqSLMIB5xGNsl8=
20,31,x5jPsjB+U0zBP7FALKFXNCfRT0g=,cijBsfOjQvi5bnqSLMIB5xGNsl8=
21,25,x5jPsjB+U0zBP7FALKFXNCfRT0g=,XgRyNGE4a/9qaZzpmIDEo7w5Yhk=
31,24,/OYvP5n7hgWhL7O8sZCaY+8Tsww=,cJ9+ybW3QQqXKb3RDdLPqTPbhp4=
25,26,/OYvP5n7hgWhL7O8sZCaY+8Tsww=,AF0yfsxlcIP2Nv+QY9CZBF9bc8o=
30,24,/OYvP5n7hgWhL7O8sZCaY+8Tsww=,cJ9+ybW3QQqXKb3RDdLPqTPbhp4=
27,26,/OYvP5n7hgWhL7O8sZCaY+8Tsww=,AF0yfsxlcIP2Nv+QY9CZBF9bc8o=
21,27,x5jPsjB+U0zBP7FALKFXNCfRT0g=,XgRyNGE4a/9qaZzpmIDEo7w5Yhk=
29,24,/OYvP5n7hgWhL7O8sZCaY+8Tsww=,cJ9+ybW3QQqXKb3RDdLPqTPbhp4=
30,25,/OYvP5n7hgWhL7O8sZCaY+8Tsww=,cJ9+ybW3QQqXKb3RDdLPqTPbhp4=
19,27,x5jPsjB+U0zBP7FALKFXNCfRT0g=,L+vf640ixsRpC2eJnj2mN61mpyw=
28,24,/OYvP5n7hgWhL7O8sZCaY+8Tsww=,cJ9+ybW3QQqXKb3RDdLPqTPbhp4=
29,25,/OYvP5n7hgWhL7O8sZCaY+8Tsww=,cJ9+ybW3QQqXKb3RDdLPqTPbhp4=
18,26,x5jPsjB+U0zBP7FALKFXNCfRT0g=,L+vf640ixsRpC2eJnj2mN61mpyw=
30,27,/OYvP5n7hgWhL7O8sZCaY+8Tsww=,cJ9+ybW3QQqXKb3RDdLPqTPbhp4=
27,25,/OYvP5n7hgWhL7O8sZCaY+8Tsww=,AF0yfsxlcIP2Nv+QY9CZBF9bc8o=
16,27,x5jPsjB+U0zBP7FALKFXNCfRT0g=,L+vf640ixsRpC2eJnj2mN61mpyw=
17,25,x5jPsjB+U0zBP7FALKFXNCfRT0g=,L+vf640ixsRpC2eJnj2mN61mpyw=
20,24,x5jPsjB+U0zBP7FALKFXNCfRT0g=,XgRyNGE4a/9qaZzpmIDEo7w5Yhk=
26,25,/OYvP5n7hgWhL7O8sZCaY+8Tsww=,AF0yfsxlcIP2Nv+QY9CZBF9bc8o=
31,25,/OYvP5n7hgWhL7O8sZCaY+8Tsww=,cJ9+ybW3QQqXKb3RDdLPqTPbhp4=
16,26,x5jPsjB+U0zBP7FALKFXNCfRT0g=,L+vf640ixsRpC2eJnj2mN61mpyw=
28,26,/OYvP5n7hgWhL7O8sZCaY+8Tsww=,cJ9+ybW3QQqXKb3RDdLPqTPbhp4=
18,25,x5jPsjB+U0zBP7FALKFXNCfRT0g=,L+vf640ixsRpC2eJnj2mN61mpyw=
22,27,x5jPsjB+U0zBP7FALKFXNCfRT0g=,XgRyNGE4a/9qaZzpmIDEo7w5Yhk=
19,26,x5jPsjB+U0zBP7FALKFXNCfRT0g=,L+vf640ixsRpC2eJnj2mN61mpyw=
16,25,x5jPsjB+U0zBP7FALKFXNCfRT0g=,L+vf640ixsRpC2eJnj2mN61mpyw=
19,24,x5jPsjB+U0zBP7FALKFXNCfRT0g=,L+vf640ixsRpC2eJnj2mN61mpyw=
24,27,/OYvP5n7hgWhL7O8sZCaY+8Tsww=,AF0yfsxlcIP2Nv+QY9CZBF9bc8o=
31,27,/OYvP5n7hgWhL7O8sZCaY+8Tsww=,cJ9+ybW3QQqXKb3RDdLPqTPbhp4=
16,24,x5jPsjB+U0zBP7FALKFXNCfRT0g=,L+vf640ixsRpC2eJnj2mN61mpyw=
17,27,x5jPsjB+U0zBP7FALKFXNCfRT0g=,L+vf640ixsRpC2eJnj2mN61mpyw=
20,26,x5jPsjB+U0zBP7FALKFXNCfRT0g=,XgRyNGE4a/9qaZzpmIDEo7w5Yhk=
29,27,/OYvP5n7hgWhL7O8sZCaY+8Tsww=,cJ9+ybW3QQqXKb3RDdLPqTPbhp4=
28,27,/OYvP5n7hgWhL7O8sZCaY+8Tsww=,cJ9+ybW3QQqXKb3RDdLPqTPbhp4=
23,27,x5jPsjB+U0zBP7FALKFXNCfRT0g=,XgRyNGE4a/9qaZzpmIDEo7w5Yhk=
27,27,/OYvP5n7hgWhL7O8sZCaY+8Tsww=,AF0yfsxlcIP2Nv+QY9CZBF9bc8o=
18,27,x5jPsjB+U0zBP7FALKFXNCfRT0g=,L+vf640ixsRpC2eJnj2mN61mpyw=
22,26,x5jPsjB+U0zBP7FALKFXNCfRT0g=,XgRyNGE4a/9qaZzpmIDEo7w5Yhk=
17,26,x5jPsjB+U0zBP7FALKFXNCfRT0g=,L+vf640ixsRpC2eJnj2mN61mpyw=
21,26,x5jPsjB+U0zBP7FALKFXNCfRT0g=,XgRyNGE4a/9qaZzpmIDEo7w5Yhk=
26,27,/OYvP5n7hgWhL7O8sZCaY+8Tsww=,AF0yfsxlcIP2Nv+QY9CZBF9bc8o=
29,26,/OYvP5n7hgWhL7O8sZCaY+8Tsww=,cJ9+ybW3QQqXKb3RDdLPqTPbhp4=
20,25,x5jPsjB+U0zBP7FALKFXNCfRT0g=,XgRyNGE4a/9qaZzpmIDEo7w5Yhk=
26,26,/OYvP5n7hgWhL7O8sZCaY+8Tsww=,AF0yfsxlcIP2Nv+QY9CZBF9bc8o=
30,26,/OYvP5n7hgWhL7O8sZCaY+8Tsww=,cJ9+ybW3QQqXKb3RDdLPqTPbhp4=
31,26,HiWK8iARo8VZ/jEvazwm3FdW/o4=,cJ9+ybW3QQqXKb3RDdLPqTPbhp4=
19,25,x5jPsjB+U0zBP7FALKFXNCfRT0g=,L+vf640ixsRpC2eJnj2mN61mpyw=
21,17,nraqy6MfkJWdOLWH/erLxougg9k=,UeGJ4xVvu6MO/1lfa5s6BelsV48=
21,19,nraqy6MfkJWdOLWH/erLxougg9k=,UeGJ4xVvu6MO/1lfa5s6BelsV48=
21,18,nraqy6MfkJWdOLWH/erLxougg9k=,UeGJ4xVvu6MO/1lfa5s6BelsV48=
22,19,nraqy6MfkJWdOLWH/erLxougg9k=,UeGJ4xVvu6MO/1lfa5s6BelsV48=
22,18,nraqy6MfkJWdOLWH/erLxougg9k=,UeGJ4xVvu6MO/1lfa5s6BelsV48=
20,19,nraqy6MfkJWdOLWH/erLxougg9k=,UeGJ4xVvu6MO/1lfa5s6BelsV48=
22,17,nraqy6MfkJWdOLWH/erLxougg9k=,UeGJ4xVvu6MO/1lfa5s6BelsV48=
20,17,nraqy6MfkJWdOLWH/erLxougg9k=,UeGJ4xVvu6MO/1lfa5s6BelsV48=
26,19,nraqy6MfkJWdOLWH/erLxougg9k=,toOeqOEzDAu/nOGoZoG6a/Yc/tI=
24,19,nraqy6MfkJWdOLWH/erLxougg9k=,toOeqOEzDAu/nOGoZoG6a/Yc/tI=
25,17,nraqy6MfkJWdOLWH/erLxougg9k=,toOeqOEzDAu/nOGoZoG6a/Yc/tI=
20,18,nraqy6MfkJWdOLWH/erLxougg9k=,UeGJ4xVvu6MO/1lfa5s6BelsV48=
24,18,nraqy6MfkJWdOLWH/erLxougg9k=,toOeqOEzDAu/nOGoZoG6a/Yc/tI=
25,18,nraqy6MfkJWdOLWH/erLxougg9k=,toOeqOEzDAu/nOGoZoG6a/Yc/tI=
23,18,nraqy6MfkJWdOLWH/erLxougg9k=,UeGJ4xVvu6MO/1lfa5s6BelsV48=
23,19,nraqy6MfkJWdOLWH/erLxougg9k=,UeGJ4xVvu6MO/1lfa5s6BelsV48=
26,18,nraqy6MfkJWdOLWH/erLxougg9k=,toOeqOEzDAu/nOGoZoG6a/Yc/tI=
25,19,nraqy6MfkJWdOLWH/erLxougg9k=,toOeqOEzDAu/nOGoZoG6a/Yc/tI=
26,17,nraqy6MfkJWdOLWH/erLxougg9k=,toOeqOEzDAu/nOGoZoG6a/Yc/tI=
27,18,nraqy6MfkJWdOLWH/erLxougg9k=,toOeqOEzDAu/nOGoZoG6a/Yc/tI=
27,17,nraqy6MfkJWdOLWH/erLxougg9k=,toOeqOEzDAu/nOGoZoG6a/Yc/tI=
26,16,nraqy6MfkJWdOLWH/erLxougg9k=,toOeqOEzDAu/nOGoZoG6a/Yc/tI=
27,19,nraqy6MfkJWdOLWH/erLxougg9k=,toOeqOEzDAu/nOGoZoG6a/Yc/tI=
27,16,nraqy6MfkJWdOLWH/erLxougg9k=,toOeqOEzDAu/nOGoZoG6a/Yc/tI=
25,16,nraqy6MfkJWdOLWH/erLxougg9k=,toOeqOEzDAu/nOGoZoG6a/Yc/tI=
22,16,nraqy6MfkJWdOLWH/erLxougg9k=,UeGJ4xVvu6MO/1lfa5s6BelsV48=
21,16,nraqy6MfkJWdOLWH/erLxougg9k=,UeGJ4xVvu6MO/1lfa5s6BelsV48=
20,16,nraqy6MfkJWdOLWH/erLxougg9k=,UeGJ4xVvu6MO/1lfa5s6BelsV48=
24,17,nraqy6MfkJWdOLWH/erLxougg9k=,toOeqOEzDAu/nOGoZoG6a/Yc/tI=
24,16,nraqy6MfkJWdOLWH/erLxougg9k=,toOeqOEzDAu/nOGoZoG6a/Yc/tI=
23,17,nraqy6MfkJWdOLWH/erLxougg9k=,UeGJ4xVvu6MO/1lfa5s6BelsV48=
23,16,nraqy6MfkJWdOLWH/erLxougg9k=,UeGJ4xVvu6MO/1lfa5s6BelsV48=
18,29,x5jPsjB+U0zBP7FALKFXNCfRT0g=,dBt8hzS5QtCCR/cjknwddU9aCXQ=
17,30,x5jPsjB+U0zBP7FALKFXNCfRT0g=,dBt8hzS5QtCCR/cjknwddU9aCXQ=
17,29,x5jPsjB+U0zBP7FALKFXNCfRT0g=,dBt8hzS5QtCCR/cjknwddU9aCXQ=
18,30,x5jPsjB+U0zBP7FALKFXNCfRT0g=,dBt8hzS5QtCCR/cjknwddU9aCXQ=
19,29,x5jPsjB+U0zBP7FALKFXNCfRT0g=,dBt8hzS5QtCCR/cjknwddU9aCXQ=
19,30,x5jPsjB+U0zBP7FALKFXNCfRT0g=,dBt8hzS5QtCCR/cjknwddU9aCXQ=
16,30,x5jPsjB+U0zBP7FALKFXNCfRT0g=,dBt8hzS5QtCCR/cjknwddU9aCXQ=
16,29,x5jPsjB+U0zBP7FALKFXNCfRT0g=,dBt8hzS5QtCCR/cjknwddU9aCXQ=
17,28,x5jPsjB+U0zBP7FALKFXNCfRT0g=,dBt8hzS5QtCCR/cjknwddU9aCXQ=
17,31,x5jPsjB+U0zBP7FALKFXNCfRT0g=,dBt8hzS5QtCCR/cjknwddU9aCXQ=
18,31,x5jPsjB+U0zBP7FALKFXNCfRT0g=,dBt8hzS5QtCCR/cjknwddU9aCXQ=
19,31,x5jPsjB+U0zBP7FALKFXNCfRT0g=,dBt8hzS5QtCCR/cjknwddU9aCXQ=
16,31,x5jPsjB+U0zBP7FALKFXNCfRT0g=,dBt8hzS5QtCCR/cjknwddU9aCXQ=
18,28,x5jPsjB+U0zBP7FALKFXNCfRT0g=,dBt8hzS5QtCCR/cjknwddU9aCXQ=
16,28,x5jPsjB+U0zBP7FALKFXNCfRT0g=,dBt8hzS5QtCCR/cjknwddU9aCXQ=
19,28,x5jPsjB+U0zBP7FALKFXNCfRT0g=,dBt8hzS5QtCCR/cjknwddU9aCXQ=
2,25,+XIRil1k144fXQsIPs7YT/YCfW0=,cdEUOvDJeuPsZ9wt9UGcc8/SPJA=
2,24,+XIRil1k144fXQsIPs7YT/YCfW0=,cdEUOvDJeuPsZ9wt9UGcc8/SPJA=
1,26,+XIRil1k144fXQsIPs7YT/YCfW0=,cdEUOvDJeuPsZ9wt9UGcc8/SPJA=
1,24,+XIRil1k144fXQsIPs7YT/YCfW0=,cdEUOvDJeuPsZ9wt9UGcc8/SPJA=
1,25,+XIRil1k144fXQsIPs7YT/YCfW0=,cdEUOvDJeuPsZ9wt9UGcc8/SPJA=
2,26,+XIRil1k144fXQsIPs7YT/YCfW0=,cdEUOvDJeuPsZ9wt9UGcc8/SPJA=
2,27,+XIRil1k144fXQsIPs7YT/YCfW0=,cdEUOvDJeuPsZ9wt9UGcc8/SPJA=
1,27,+XIRil1k144fXQsIPs7YT/YCfW0=,cdEUOvDJeuPsZ9wt9UGcc8/SPJA=
3,25,+XIRil1k144fXQsIPs7YT/YCfW0=,cdEUOvDJeuPsZ9wt9UGcc8/SPJA=
3,24,+XIRil1k144fXQsIPs7YT/YCfW0=,cdEUOvDJeuPsZ9wt9UGcc8/SPJA=
3,27,+XIRil1k144fXQsIPs7YT/YCfW0=,cdEUOvDJeuPsZ9wt9UGcc8/SPJA=
3,26,+XIRil1k144fXQsIPs7YT/YCfW0=,cdEUOvDJeuPsZ9wt9UGcc8/SPJA=
0,24,+XIRil1k144fXQsIPs7YT/YCfW0=,cdEUOvDJeuPsZ9wt9UGcc8/SPJA=
0,26,+XIRil1k144fXQsIPs7YT/YCfW0=,cdEUOvDJeuPsZ9wt9UGcc8/SPJA=
0,25,+XIRil1k144fXQsIPs7YT/YCfW0=,cdEUOvDJeuPsZ9wt9UGcc8/SPJA=
0,27,+XIRil1k144fXQsIPs7YT/YCfW0=,cdEUOvDJeuPsZ9wt9UGcc8/SPJA=
2,30,+XIRil1k144fXQsIPs7YT/YCfW0=,lg+b0l6640ziYCYoR7KQRED7gyY=
2,29,+XIRil1k144fXQsIPs7YT/YCfW0=,lg+b0l6640ziYCYoR7KQRED7gyY=
1,29,+XIRil1k144fXQsIPs7YT/YCfW0=,lg+b0l6640ziYCYoR7KQRED7gyY=
1,28,+XIRil1k144fXQsIPs7YT/YCfW0=,lg+b0l6640ziYCYoR7KQRED7gyY=
2,28,+XIRil1k144fXQsIPs7YT/YCfW0=,lg+b0l6640ziYCYoR7KQRED7gyY=
3,30,+XIRil1k144fXQsIPs7YT/YCfW0=,lg+b0l6640ziYCYoR7KQRED7gyY=
3,28,+XIRil1k144fXQsIPs7YT/YCfW0=,lg+b0l6640ziYCYoR7KQRED7gyY=
3,29,+XIRil1k144fXQsIPs7YT/YCfW0=,lg+b0l6640ziYCYoR7KQRED7gyY=
2,31,+XIRil1k144fXQsIPs7YT/YCfW0=,lg+b0l6640ziYCYoR7KQRED7gyY=
3,31,+XIRil1k144fXQsIPs7YT/YCfW0=,lg+b0l6640ziYCYoR7KQRED7gyY=
1,30,+XIRil1k144fXQsIPs7YT/YCfW0=,lg+b0l6640ziYCYoR7KQRED7gyY=
1,31,+XIRil1k144fXQsIPs7YT/YCfW0=,lg+b0l6640ziYCYoR7KQRED7gyY=
0,30,+XIRil1k144fXQsIPs7YT/YCfW0=,lg+b0l6640ziYCYoR7KQRED7gyY=
0,29,+XIRil1k144fXQsIPs7YT/YCfW0=,lg+b0l6640ziYCYoR7KQRED7gyY=
0,31,+XIRil1k144fXQsIPs7YT/YCfW0=,lg+b0l6640ziYCYoR7KQRED7gyY=
0,28,+XIRil1k144fXQsIPs7YT/YCfW0=,lg+b0l6640ziYCYoR7KQRED7gyY=
