127,-65,yn8U3FDO1Zfg/XC3usGjf4v+JFU=,hEvSjRMTxF0qofVx9Qmq/TvTwt4=
125,-65,yn8U3FDO1Zfg/XC3usGjf4v+JFU=,hEvSjRMTxF0qofVx9Qmq/TvTwt4=
125,-68,yn8U3FDO1Zfg/XC3usGjf4v+JFU=,hEvSjRMTxF0qofVx9Qmq/TvTwt4=
126,-68,yn8U3FDO1Zfg/XC3usGjf4v+JFU=,hEvSjRMTxF0qofVx9Qmq/TvTwt4=
122,-68,yn8U3FDO1Zfg/XC3usGjf4v+JFU=,sAEoysaIuLuunyQa46uGO7UOw4I=
124,-68,yn8U3FDO1Zfg/XC3usGjf4v+JFU=,hEvSjRMTxF0qofVx9Qmq/TvTwt4=
123,-68,yn8U3FDO1Zfg/XC3usGjf4v+JFU=,sAEoysaIuLuunyQa46uGO7UOw4I=
123,-65,yn8U3FDO1Zfg/XC3usGjf4v+JFU=,sAEoysaIuLuunyQa46uGO7UOw4I=
121,-68,yn8U3FDO1Zfg/XC3usGjf4v+JFU=,sAEoysaIuLuunyQa46uGO7UOw4I=
120,-68,yn8U3FDO1Zfg/XC3usGjf4v+JFU=,sAEoysaIuLuunyQa46uGO7UOw4I=
122,-65,yn8U3FDO1Zfg/XC3usGjf4v+JFU=,sAEoysaIuLuunyQa46uGO7UOw4I=
124,-65,yn8U3FDO1Zfg/XC3usGjf4v+JFU=,hEvSjRMTxF0qofVx9Qmq/TvTwt4=
127,-68,yn8U3FDO1Zfg/XC3usGjf4v+JFU=,hEvSjRMTxF0qofVx9Qmq/TvTwt4=
120,-67,yn8U3FDO1Zfg/XC3usGjf4v+JFU=,sAEoysaIuLuunyQa46uGO7UOw4I=
126,-65,yn8U3FDO1Zfg/XC3usGjf4v+JFU=,hEvSjRMTxF0qofVx9Qmq/TvTwt4=
122,-66,yn8U3FDO1Zfg/XC3usGjf4v+JFU=,sAEoysaIuLuunyQa46uGO7UOw4I=
121,-65,yn8U3FDO1Zfg/XC3usGjf4v+JFU=,sAEoysaIuLuunyQa46uGO7UOw4I=
127,-66,yn8U3FDO1Zfg/XC3usGjf4v+JFU=,hEvSjRMTxF0qofVx9Qmq/TvTwt4=
124,-66,yn8U3FDO1Zfg/XC3usGjf4v+JFU=,hEvSjRMTxF0qofVx9Qmq/TvTwt4=
123,-67,yn8U3FDO1Zfg/XC3usGjf4v+JFU=,sAEoysaIuLuunyQa46uGO7UOw4I=
125,-67,yn8U3FDO1Zfg/XC3usGjf4v+JFU=,hEvSjRMTxF0qofVx9Qmq/TvTwt4=
126,-67,yn8U3FDO1Zfg/XC3usGjf4v+JFU=,hEvSjRMTxF0qofVx9Qmq/TvTwt4=
122,-67,yn8U3FDO1Zfg/XC3usGjf4v+JFU=,sAEoysaIuLuunyQa46uGO7UOw4I=
121,-67,yn8U3FDO1Zfg/XC3usGjf4v+JFU=,sAEoysaIuLuunyQa46uGO7UOw4I=
123,-66,yn8U3FDO1Zfg/XC3usGjf4v+JFU=,sAEoysaIuLuunyQa46uGO7UOw4I=
125,-66,yn8U3FDO1Zfg/XC3usGjf4v+JFU=,hEvSjRMTxF0qofVx9Qmq/TvTwt4=
121,-66,yn8U3FDO1Zfg/XC3usGjf4v+JFU=,sAEoysaIuLuunyQa46uGO7UOw4I=
120,-66,yn8U3FDO1Zfg/XC3usGjf4v+JFU=,sAEoysaIuLuunyQa46uGO7UOw4I=
120,-65,yn8U3FDO1Zfg/XC3usGjf4v+JFU=,sAEoysaIuLuunyQa46uGO7UOw4I=
124,-67,yn8U3FDO1Zfg/XC3usGjf4v+JFU=,hEvSjRMTxF0qofVx9Qmq/TvTwt4=
126,-66,yn8U3FDO1Zfg/XC3usGjf4v+JFU=,hEvSjRMTxF0qofVx9Qmq/TvTwt4=
127,-67,yn8U3FDO1Zfg/XC3usGjf4v+JFU=,hEvSjRMTxF0qofVx9Qmq/TvTwt4=
