0,0,CC6ux0QV4pUkcMD2V+X4Mz0An2Y=,YgQeVwt+gHow6hj99JGTahovCm8=
0,1,hSIx1w/V8pZ3cNkzPyKiSPNqG3Q=,PuJc0jvhPr55Xfiflbye2A47GlI=
0,2,hO5Gb2U+IrcU1zKTtRmXhYRY6Hw=,pCGc063R+RmZHy14VEbDDE5NdPo=
0,3,hO5Gb2U+IrcU1zKTtRmXhYRY6Hw=,oin3YIQ8MLSrigEnlUk7/XRkMAk=
1,0,7bY+C1e5WmHfh1qd+RyKn9LsD/U=,CsPFbGRUxjmgABxgHQbGXVWmEAo=
2,0,7bY+C1e5WmHfh1qd+RyKn9LsD/U=,ja7wP3RiopiLsj+msurBltcArTs=
1,2,AMjX5WDGKtDIazmqYIV8wsRcyPY=,BUtjigJps6+qXD3gGkXr+6XaYRo=
3,0,hO5Gb2U+IrcU1zKTtRmXhYRY6Hw=,vdwivlHDIOy9jT0jhuS8Yo7CGAg=
5,0,aeskUlNmk7zHpYxTugRQc4RkweQ=,nqFVALRlr1E7DUFUhQOps3DXhXE=
2,1,Jnsr1iPv/+z8gFeinzC1O7ySOdM=,NmBD7BUaG83LDKiTb0zlJjztLD8=
3,1,Jnsr1iPv/+z8gFeinzC1O7ySOdM=,bgxBwCnUINmJTMxRuiaCahMTOUw=
1,1,AMjX5WDGKtDIazmqYIV8wsRcyPY=,hMflGMMdjERmth9XvwOEkzXh+6E=
1,3,Yy2nh9Od7kvEhQolj11ttEFh//M=,FExnGPp4IyTd+nWaVqAbK6tdXJo=
2,2,5crLWanTTr0MAI/hs7jz2HEOuRs=,HgYrUHEoVRi51P3w09LViI4qhps=
3,2,5o0EV6sEvTA9+kJtoNNTocFefbE=,Hqa7nPw3tW2ShY0ir+aG2fMTcNo=
3,3,5o0EV6sEvTA9+kJtoNNTocFefbE=,iI67rtpM4xXPhQqy0+M0QE7PaWg=
3,4,5o0EV6sEvTA9+kJtoNNTocFefbE=,zzqzMbhywiUeF3uac0KpNJLaN1c=
4,4,5o0EV6sEvTA9+kJtoNNTocFefbE=,iI67rtpM4xXPhQqy0+M0QE7PaWg=
4,3,5o0EV6sEvTA9+kJtoNNTocFefbE=,zzqzMbhywiUeF3uac0KpNJLaN1c=
5,4,5o0EV6sEvTA9+kJtoNNTocFefbE=,zzqzMbhywiUeF3uac0KpNJLaN1c=
5,5,5o0EV6sEvTA9+kJtoNNTocFefbE=,snAbQIKFplSzlKaE00ezd2ZRPrc=
6,6,5o0EV6sEvTA9+kJtoNNTocFefbE=,snAbQIKFplSzlKaE00ezd2ZRPrc=
6,5,5o0EV6sEvTA9+kJtoNNTocFefbE=,snAbQIKFplSzlKaE00ezd2ZRPrc=
7,6,5o0EV6sEvTA9+kJtoNNTocFefbE=,snAbQIKFplSzlKaE00ezd2ZRPrc=
8,6,5o0EV6sEvTA9+kJtoNNTocFefbE=,snAbQIKFplSzlKaE00ezd2ZRPrc=
