-171,-16,kF/bvsbF0LGCogpXIcNgSuIYZbc=,zsqdmbgKqK8IL1BkAKOFssH2qF0=
-169,-13,kF/bvsbF0LGCogpXIcNgSuIYZbc=,zsqdmbgKqK8IL1BkAKOFssH2qF0=
-168,-13,kF/bvsbF0LGCogpXIcNgSuIYZbc=,zsqdmbgKqK8IL1BkAKOFssH2qF0=
-167,-13,kF/bvsbF0LGCogpXIcNgSuIYZbc=,zsqdmbgKqK8IL1BkAKOFssH2qF0=
-166,-13,kF/bvsbF0LGCogpXIcNgSuIYZbc=,zsqdmbgKqK8IL1BkAKOFssH2qF0=
-170,-13,kF/bvsbF0LGCogpXIcNgSuIYZbc=,zsqdmbgKqK8IL1BkAKOFssH2qF0=
-164,-13,kF/bvsbF0LGCogpXIcNgSuIYZbc=,zsqdmbgKqK8IL1BkAKOFssH2qF0=
-165,-13,kF/bvsbF0LGCogpXIcNgSuIYZbc=,zsqdmbgKqK8IL1BkAKOFssH2qF0=
-163,-13,kF/bvsbF0LGCogpXIcNgSuIYZbc=,zsqdmbgKqK8IL1BkAKOFssH2qF0=
-171,-14,kF/bvsbF0LGCogpXIcNgSuIYZbc=,zsqdmbgKqK8IL1BkAKOFssH2qF0=
-162,-13,kF/bvsbF0LGCogpXIcNgSuIYZbc=,zsqdmbgKqK8IL1BkAKOFssH2qF0=
-170,-14,kF/bvsbF0LGCogpXIcNgSuIYZbc=,zsqdmbgKqK8IL1BkAKOFssH2qF0=
-161,-13,kF/bvsbF0LGCogpXIcNgSuIYZbc=,zsqdmbgKqK8IL1BkAKOFssH2qF0=
-171,-13,kF/bvsbF0LGCogpXIcNgSuIYZbc=,zsqdmbgKqK8IL1BkAKOFssH2qF0=
-173,-16,kF/bvsbF0LGCogpXIcNgSuIYZbc=,zsqdmbgKqK8IL1BkAKOFssH2qF0=
-176,-16,kF/bvsbF0LGCogpXIcNgSuIYZbc=,zsqdmbgKqK8IL1BkAKOFssH2qF0=
-170,-15,kF/bvsbF0LGCogpXIcNgSuIYZbc=,zsqdmbgKqK8IL1BkAKOFssH2qF0=
-173,-13,kF/bvsbF0LGCogpXIcNgSuIYZbc=,zsqdmbgKqK8IL1BkAKOFssH2qF0=
-176,-12,kF/bvsbF0LGCogpXIcNgSuIYZbc=,zsqdmbgKqK8IL1BkAKOFssH2qF0=
-171,-15,kF/bvsbF0LGCogpXIcNgSuIYZbc=,zsqdmbgKqK8IL1BkAKOFssH2qF0=
-172,-13,kF/bvsbF0LGCogpXIcNgSuIYZbc=,zsqdmbgKqK8IL1BkAKOFssH2qF0=
-169,-14,kF/bvsbF0LGCogpXIcNgSuIYZbc=,zsqdmbgKqK8IL1BkAKOFssH2qF0=
-172,-15,kF/bvsbF0LGCogpXIcNgSuIYZbc=,zsqdmbgKqK8IL1BkAKOFssH2qF0=
-174,-13,kF/bvsbF0LGCogpXIcNgSuIYZbc=,zsqdmbgKqK8IL1BkAKOFssH2qF0=
-170,-16,kF/bvsbF0LGCogpXIcNgSuIYZbc=,zsqdmbgKqK8IL1BkAKOFssH2qF0=
-161,-1,kF/bvsbF0LGCogpXIcNgSuIYZbc=,zsqdmbgKqK8IL1BkAKOFssH2qF0=
-175,-16,kF/bvsbF0LGCogpXIcNgSuIYZbc=,zsqdmbgKqK8IL1BkAKOFssH2qF0=
-175,-12,kF/bvsbF0LGCogpXIcNgSuIYZbc=,zsqdmbgKqK8IL1BkAKOFssH2qF0=
-163,-1,kF/bvsbF0LGCogpXIcNgSuIYZbc=,zsqdmbgKqK8IL1BkAKOFssH2qF0=
-174,-12,kF/bvsbF0LGCogpXIcNgSuIYZbc=,zsqdmbgKqK8IL1BkAKOFssH2qF0=
-164,-1,kF/bvsbF0LGCogpXIcNgSuIYZbc=,zsqdmbgKqK8IL1BkAKOFssH2qF0=
-172,-14,kF/bvsbF0LGCogpXIcNgSuIYZbc=,zsqdmbgKqK8IL1BkAKOFssH2qF0=
-165,-1,kF/bvsbF0LGCogpXIcNgSuIYZbc=,zsqdmbgKqK8IL1BkAKOFssH2qF0=
-173,-12,kF/bvsbF0LGCogpXIcNgSuIYZbc=,zsqdmbgKqK8IL1BkAKOFssH2qF0=
-166,-1,kF/bvsbF0LGCogpXIcNgSuIYZbc=,zsqdmbgKqK8IL1BkAKOFssH2qF0=
-162,-1,kF/bvsbF0LGCogpXIcNgSuIYZbc=,zsqdmbgKqK8IL1BkAKOFssH2qF0=
-167,-1,kF/bvsbF0LGCogpXIcNgSuIYZbc=,zsqdmbgKqK8IL1BkAKOFssH2qF0=
-171,-12,kF/bvsbF0LGCogpXIcNgSuIYZbc=,zsqdmbgKqK8IL1BkAKOFssH2qF0=
-172,-12,kF/bvsbF0LGCogpXIcNgSuIYZbc=,zsqdmbgKqK8IL1BkAKOFssH2qF0=
-169,-12,kF/bvsbF0LGCogpXIcNgSuIYZbc=,zsqdmbgKqK8IL1BkAKOFssH2qF0=
-167,-12,kF/bvsbF0LGCogpXIcNgSuIYZbc=,zsqdmbgKqK8IL1BkAKOFssH2qF0=
-168,-12,kF/bvsbF0LGCogpXIcNgSuIYZbc=,zsqdmbgKqK8IL1BkAKOFssH2qF0=
-166,-12,kF/bvsbF0LGCogpXIcNgSuIYZbc=,zsqdmbgKqK8IL1BkAKOFssH2qF0=
-170,-12,kF/bvsbF0LGCogpXIcNgSuIYZbc=,zsqdmbgKqK8IL1BkAKOFssH2qF0=
-165,-12,kF/bvsbF0LGCogpXIcNgSuIYZbc=,zsqdmbgKqK8IL1BkAKOFssH2qF0=
-164,-12,kF/bvsbF0LGCogpXIcNgSuIYZbc=,zsqdmbgKqK8IL1BkAKOFssH2qF0=
-163,-12,kF/bvsbF0LGCogpXIcNgSuIYZbc=,zsqdmbgKqK8IL1BkAKOFssH2qF0=
-162,-12,kF/bvsbF0LGCogpXIcNgSuIYZbc=,zsqdmbgKqK8IL1BkAKOFssH2qF0=
-161,-12,kF/bvsbF0LGCogpXIcNgSuIYZbc=,zsqdmbgKqK8IL1BkAKOFssH2qF0=
-169,-15,kF/bvsbF0LGCogpXIcNgSuIYZbc=,zsqdmbgKqK8IL1BkAKOFssH2qF0=
-168,-14,kF/bvsbF0LGCogpXIcNgSuIYZbc=,zsqdmbgKqK8IL1BkAKOFssH2qF0=
-169,-16,kF/bvsbF0LGCogpXIcNgSuIYZbc=,zsqdmbgKqK8IL1BkAKOFssH2qF0=
-176,-11,kF/bvsbF0LGCogpXIcNgSuIYZbc=,zsqdmbgKqK8IL1BkAKOFssH2qF0=
-174,-11,kF/bvsbF0LGCogpXIcNgSuIYZbc=,zsqdmbgKqK8IL1BkAKOFssH2qF0=
-175,-11,kF/bvsbF0LGCogpXIcNgSuIYZbc=,zsqdmbgKqK8IL1BkAKOFssH2qF0=
-173,-11,kF/bvsbF0LGCogpXIcNgSuIYZbc=,zsqdmbgKqK8IL1BkAKOFssH2qF0=
-175,-1,kF/bvsbF0LGCogpXIcNgSuIYZbc=,zsqdmbgKqK8IL1BkAKOFssH2qF0=
-172,-11,kF/bvsbF0LGCogpXIcNgSuIYZbc=,zsqdmbgKqK8IL1BkAKOFssH2qF0=
-171,-11,kF/bvsbF0LGCogpXIcNgSuIYZbc=,zsqdmbgKqK8IL1BkAKOFssH2qF0=
-172,-16,kF/bvsbF0LGCogpXIcNgSuIYZbc=,zsqdmbgKqK8IL1BkAKOFssH2qF0=
-170,-11,kF/bvsbF0LGCogpXIcNgSuIYZbc=,zsqdmbgKqK8IL1BkAKOFssH2qF0=
-161,-2,kF/bvsbF0LGCogpXIcNgSuIYZbc=,zsqdmbgKqK8IL1BkAKOFssH2qF0=
-169,-11,kF/bvsbF0LGCogpXIcNgSuIYZbc=,zsqdmbgKqK8IL1BkAKOFssH2qF0=
-175,-13,kF/bvsbF0LGCogpXIcNgSuIYZbc=,zsqdmbgKqK8IL1BkAKOFssH2qF0=
-168,-11,kF/bvsbF0LGCogpXIcNgSuIYZbc=,zsqdmbgKqK8IL1BkAKOFssH2qF0=
-167,-11,kF/bvsbF0LGCogpXIcNgSuIYZbc=,zsqdmbgKqK8IL1BkAKOFssH2qF0=
-162,-2,kF/bvsbF0LGCogpXIcNgSuIYZbc=,zsqdmbgKqK8IL1BkAKOFssH2qF0=
-173,-14,kF/bvsbF0LGCogpXIcNgSuIYZbc=,zsqdmbgKqK8IL1BkAKOFssH2qF0=
-165,-2,kF/bvsbF0LGCogpXIcNgSuIYZbc=,zsqdmbgKqK8IL1BkAKOFssH2qF0=
-164,-2,kF/bvsbF0LGCogpXIcNgSuIYZbc=,zsqdmbgKqK8IL1BkAKOFssH2qF0=
-166,-11,kF/bvsbF0LGCogpXIcNgSuIYZbc=,zsqdmbgKqK8IL1BkAKOFssH2qF0=
-163,-2,kF/bvsbF0LGCogpXIcNgSuIYZbc=,zsqdmbgKqK8IL1BkAKOFssH2qF0=
-176,-1,kF/bvsbF0LGCogpXIcNgSuIYZbc=,zsqdmbgKqK8IL1BkAKOFssH2qF0=
-168,-2,kF/bvsbF0LGCogpXIcNgSuIYZbc=,zsqdmbgKqK8IL1BkAKOFssH2qF0=
-165,-11,kF/bvsbF0LGCogpXIcNgSuIYZbc=,zsqdmbgKqK8IL1BkAKOFssH2qF0=
-166,-2,kF/bvsbF0LGCogpXIcNgSuIYZbc=,zsqdmbgKqK8IL1BkAKOFssH2qF0=
-167,-2,kF/bvsbF0LGCogpXIcNgSuIYZbc=,zsqdmbgKqK8IL1BkAKOFssH2qF0=
-164,-11,kF/bvsbF0LGCogpXIcNgSuIYZbc=,zsqdmbgKqK8IL1BkAKOFssH2qF0=
-169,-2,kF/bvsbF0LGCogpXIcNgSuIYZbc=,zsqdmbgKqK8IL1BkAKOFssH2qF0=
-173,-2,kF/bvsbF0LGCogpXIcNgSuIYZbc=,zsqdmbgKqK8IL1BkAKOFssH2qF0=
-163,-11,kF/bvsbF0LGCogpXIcNgSuIYZbc=,zsqdmbgKqK8IL1BkAKOFssH2qF0=
-173,-15,kF/bvsbF0LGCogpXIcNgSuIYZbc=,zsqdmbgKqK8IL1BkAKOFssH2qF0=
-174,-14,kF/bvsbF0LGCogpXIcNgSuIYZbc=,zsqdmbgKqK8IL1BkAKOFssH2qF0=
-162,-11,kF/bvsbF0LGCogpXIcNgSuIYZbc=,zsqdmbgKqK8IL1BkAKOFssH2qF0=
-176,-2,kF/bvsbF0LGCogpXIcNgSuIYZbc=,zsqdmbgKqK8IL1BkAKOFssH2qF0=
-161,-3,kF/bvsbF0LGCogpXIcNgSuIYZbc=,zsqdmbgKqK8IL1BkAKOFssH2qF0=
-161,-11,kF/bvsbF0LGCogpXIcNgSuIYZbc=,zsqdmbgKqK8IL1BkAKOFssH2qF0=
-168,-15,kF/bvsbF0LGCogpXIcNgSuIYZbc=,zsqdmbgKqK8IL1BkAKOFssH2qF0=
-163,-3,kF/bvsbF0LGCogpXIcNgSuIYZbc=,zsqdmbgKqK8IL1BkAKOFssH2qF0=
-162,-3,kF/bvsbF0LGCogpXIcNgSuIYZbc=,zsqdmbgKqK8IL1BkAKOFssH2qF0=
-176,-10,kF/bvsbF0LGCogpXIcNgSuIYZbc=,zsqdmbgKqK8IL1BkAKOFssH2qF0=
-164,-3,kF/bvsbF0LGCogpXIcNgSuIYZbc=,zsqdmbgKqK8IL1BkAKOFssH2qF0=
-165,-3,kF/bvsbF0LGCogpXIcNgSuIYZbc=,zsqdmbgKqK8IL1BkAKOFssH2qF0=
-168,-16,kF/bvsbF0LGCogpXIcNgSuIYZbc=,zsqdmbgKqK8IL1BkAKOFssH2qF0=
-166,-3,kF/bvsbF0LGCogpXIcNgSuIYZbc=,zsqdmbgKqK8IL1BkAKOFssH2qF0=
-167,-3,kF/bvsbF0LGCogpXIcNgSuIYZbc=,zsqdmbgKqK8IL1BkAKOFssH2qF0=
-167,-14,kF/bvsbF0LGCogpXIcNgSuIYZbc=,zsqdmbgKqK8IL1BkAKOFssH2qF0=
-168,-3,kF/bvsbF0LGCogpXIcNgSuIYZbc=,zsqdmbgKqK8IL1BkAKOFssH2qF0=
-169,-3,kF/bvsbF0LGCogpXIcNgSuIYZbc=,zsqdmbgKqK8IL1BkAKOFssH2qF0=
-175,-10,kF/bvsbF0LGCogpXIcNgSuIYZbc=,zsqdmbgKqK8IL1BkAKOFssH2qF0=
-174,-10,kF/bvsbF0LGCogpXIcNgSuIYZbc=,zsqdmbgKqK8IL1BkAKOFssH2qF0=
-173,-10,kF/bvsbF0LGCogpXIcNgSuIYZbc=,zsqdmbgKqK8IL1BkAKOFssH2qF0=
-171,-10,kF/bvsbF0LGCogpXIcNgSuIYZbc=,zsqdmbgKqK8IL1BkAKOFssH2qF0=
-172,-10,kF/bvsbF0LGCogpXIcNgSuIYZbc=,zsqdmbgKqK8IL1BkAKOFssH2qF0=
-170,-10,kF/bvsbF0LGCogpXIcNgSuIYZbc=,zsqdmbgKqK8IL1BkAKOFssH2qF0=
-168,-10,kF/bvsbF0LGCogpXIcNgSuIYZbc=,zsqdmbgKqK8IL1BkAKOFssH2qF0=
-169,-10,kF/bvsbF0LGCogpXIcNgSuIYZbc=,zsqdmbgKqK8IL1BkAKOFssH2qF0=
-166,-10,kF/bvsbF0LGCogpXIcNgSuIYZbc=,zsqdmbgKqK8IL1BkAKOFssH2qF0=
-167,-10,kF/bvsbF0LGCogpXIcNgSuIYZbc=,zsqdmbgKqK8IL1BkAKOFssH2qF0=
-165,-10,kF/bvsbF0LGCogpXIcNgSuIYZbc=,zsqdmbgKqK8IL1BkAKOFssH2qF0=
-164,-10,kF/bvsbF0LGCogpXIcNgSuIYZbc=,zsqdmbgKqK8IL1BkAKOFssH2qF0=
-163,-10,kF/bvsbF0LGCogpXIcNgSuIYZbc=,zsqdmbgKqK8IL1BkAKOFssH2qF0=
-162,-10,kF/bvsbF0LGCogpXIcNgSuIYZbc=,zsqdmbgKqK8IL1BkAKOFssH2qF0=
-161,-10,kF/bvsbF0LGCogpXIcNgSuIYZbc=,zsqdmbgKqK8IL1BkAKOFssH2qF0=
-167,-15,kF/bvsbF0LGCogpXIcNgSuIYZbc=,zsqdmbgKqK8IL1BkAKOFssH2qF0=
-175,-2,kF/bvsbF0LGCogpXIcNgSuIYZbc=,zsqdmbgKqK8IL1BkAKOFssH2qF0=
-176,-9,kF/bvsbF0LGCogpXIcNgSuIYZbc=,zsqdmbgKqK8IL1BkAKOFssH2qF0=
-166,-14,kF/bvsbF0LGCogpXIcNgSuIYZbc=,zsqdmbgKqK8IL1BkAKOFssH2qF0=
-167,-16,kF/bvsbF0LGCogpXIcNgSuIYZbc=,zsqdmbgKqK8IL1BkAKOFssH2qF0=
-175,-9,kF/bvsbF0LGCogpXIcNgSuIYZbc=,zsqdmbgKqK8IL1BkAKOFssH2qF0=
-174,-9,kF/bvsbF0LGCogpXIcNgSuIYZbc=,zsqdmbgKqK8IL1BkAKOFssH2qF0=
-173,-9,kF/bvsbF0LGCogpXIcNgSuIYZbc=,zsqdmbgKqK8IL1BkAKOFssH2qF0=
-172,-9,kF/bvsbF0LGCogpXIcNgSuIYZbc=,zsqdmbgKqK8IL1BkAKOFssH2qF0=
-171,-9,kF/bvsbF0LGCogpXIcNgSuIYZbc=,zsqdmbgKqK8IL1BkAKOFssH2qF0=
-170,-9,kF/bvsbF0LGCogpXIcNgSuIYZbc=,zsqdmbgKqK8IL1BkAKOFssH2qF0=
-169,-9,kF/bvsbF0LGCogpXIcNgSuIYZbc=,zsqdmbgKqK8IL1BkAKOFssH2qF0=
-168,-9,kF/bvsbF0LGCogpXIcNgSuIYZbc=,zsqdmbgKqK8IL1BkAKOFssH2qF0=
-167,-9,kF/bvsbF0LGCogpXIcNgSuIYZbc=,zsqdmbgKqK8IL1BkAKOFssH2qF0=
-166,-9,kF/bvsbF0LGCogpXIcNgSuIYZbc=,zsqdmbgKqK8IL1BkAKOFssH2qF0=
-165,-9,kF/bvsbF0LGCogpXIcNgSuIYZbc=,zsqdmbgKqK8IL1BkAKOFssH2qF0=
-164,-9,kF/bvsbF0LGCogpXIcNgSuIYZbc=,zsqdmbgKqK8IL1BkAKOFssH2qF0=
-168,-1,kF/bvsbF0LGCogpXIcNgSuIYZbc=,zsqdmbgKqK8IL1BkAKOFssH2qF0=
-163,-9,kF/bvsbF0LGCogpXIcNgSuIYZbc=,zsqdmbgKqK8IL1BkAKOFssH2qF0=
-162,-9,kF/bvsbF0LGCogpXIcNgSuIYZbc=,zsqdmbgKqK8IL1BkAKOFssH2qF0=
-166,-15,kF/bvsbF0LGCogpXIcNgSuIYZbc=,zsqdmbgKqK8IL1BkAKOFssH2qF0=
-161,-9,kF/bvsbF0LGCogpXIcNgSuIYZbc=,zsqdmbgKqK8IL1BkAKOFssH2qF0=
-165,-14,kF/bvsbF0LGCogpXIcNgSuIYZbc=,zsqdmbgKqK8IL1BkAKOFssH2qF0=
-170,-2,kF/bvsbF0LGCogpXIcNgSuIYZbc=,zsqdmbgKqK8IL1BkAKOFssH2qF0=
-174,-3,kF/bvsbF0LGCogpXIcNgSuIYZbc=,zsqdmbgKqK8IL1BkAKOFssH2qF0=
-174,-15,kF/bvsbF0LGCogpXIcNgSuIYZbc=,zsqdmbgKqK8IL1BkAKOFssH2qF0=
-172,-2,kF/bvsbF0LGCogpXIcNgSuIYZbc=,zsqdmbgKqK8IL1BkAKOFssH2qF0=
-176,-3,kF/bvsbF0LGCogpXIcNgSuIYZbc=,zsqdmbgKqK8IL1BkAKOFssH2qF0=
-175,-14,kF/bvsbF0LGCogpXIcNgSuIYZbc=,zsqdmbgKqK8IL1BkAKOFssH2qF0=
-161,-4,kF/bvsbF0LGCogpXIcNgSuIYZbc=,zsqdmbgKqK8IL1BkAKOFssH2qF0=
-162,-4,kF/bvsbF0LGCogpXIcNgSuIYZbc=,zsqdmbgKqK8IL1BkAKOFssH2qF0=
-163,-4,kF/bvsbF0LGCogpXIcNgSuIYZbc=,zsqdmbgKqK8IL1BkAKOFssH2qF0=
-164,-4,kF/bvsbF0LGCogpXIcNgSuIYZbc=,zsqdmbgKqK8IL1BkAKOFssH2qF0=
-165,-4,kF/bvsbF0LGCogpXIcNgSuIYZbc=,zsqdmbgKqK8IL1BkAKOFssH2qF0=
-166,-4,kF/bvsbF0LGCogpXIcNgSuIYZbc=,zsqdmbgKqK8IL1BkAKOFssH2qF0=
-167,-4,kF/bvsbF0LGCogpXIcNgSuIYZbc=,zsqdmbgKqK8IL1BkAKOFssH2qF0=
-168,-4,kF/bvsbF0LGCogpXIcNgSuIYZbc=,zsqdmbgKqK8IL1BkAKOFssH2qF0=
-169,-4,kF/bvsbF0LGCogpXIcNgSuIYZbc=,zsqdmbgKqK8IL1BkAKOFssH2qF0=
-171,-1,kF/bvsbF0LGCogpXIcNgSuIYZbc=,zsqdmbgKqK8IL1BkAKOFssH2qF0=
-170,-4,kF/bvsbF0LGCogpXIcNgSuIYZbc=,zsqdmbgKqK8IL1BkAKOFssH2qF0=
-171,-4,kF/bvsbF0LGCogpXIcNgSuIYZbc=,zsqdmbgKqK8IL1BkAKOFssH2qF0=
-172,-4,kF/bvsbF0LGCogpXIcNgSuIYZbc=,zsqdmbgKqK8IL1BkAKOFssH2qF0=
-174,-1,kF/bvsbF0LGCogpXIcNgSuIYZbc=,zsqdmbgKqK8IL1BkAKOFssH2qF0=
-171,-3,kF/bvsbF0LGCogpXIcNgSuIYZbc=,zsqdmbgKqK8IL1BkAKOFssH2qF0=
-176,-4,kF/bvsbF0LGCogpXIcNgSuIYZbc=,zsqdmbgKqK8IL1BkAKOFssH2qF0=
-176,-15,kF/bvsbF0LGCogpXIcNgSuIYZbc=,zsqdmbgKqK8IL1BkAKOFssH2qF0=
-175,-15,kF/bvsbF0LGCogpXIcNgSuIYZbc=,zsqdmbgKqK8IL1BkAKOFssH2qF0=
-174,-16,kF/bvsbF0LGCogpXIcNgSuIYZbc=,zsqdmbgKqK8IL1BkAKOFssH2qF0=
-176,-13,kF/bvsbF0LGCogpXIcNgSuIYZbc=,zsqdmbgKqK8IL1BkAKOFssH2qF0=
-161,-14,kF/bvsbF0LGCogpXIcNgSuIYZbc=,zsqdmbgKqK8IL1BkAKOFssH2qF0=
-161,-16,kF/bvsbF0LGCogpXIcNgSuIYZbc=,zsqdmbgKqK8IL1BkAKOFssH2qF0=
-162,-16,kF/bvsbF0LGCogpXIcNgSuIYZbc=,zsqdmbgKqK8IL1BkAKOFssH2qF0=
-176,-14,kF/bvsbF0LGCogpXIcNgSuIYZbc=,zsqdmbgKqK8IL1BkAKOFssH2qF0=
-162,-15,kF/bvsbF0LGCogpXIcNgSuIYZbc=,zsqdmbgKqK8IL1BkAKOFssH2qF0=
-161,-15,kF/bvsbF0LGCogpXIcNgSuIYZbc=,zsqdmbgKqK8IL1BkAKOFssH2qF0=
-161,-5,kF/bvsbF0LGCogpXIcNgSuIYZbc=,zsqdmbgKqK8IL1BkAKOFssH2qF0=
-162,-5,kF/bvsbF0LGCogpXIcNgSuIYZbc=,zsqdmbgKqK8IL1BkAKOFssH2qF0=
-163,-5,kF/bvsbF0LGCogpXIcNgSuIYZbc=,zsqdmbgKqK8IL1BkAKOFssH2qF0=
-164,-5,kF/bvsbF0LGCogpXIcNgSuIYZbc=,zsqdmbgKqK8IL1BkAKOFssH2qF0=
-165,-5,kF/bvsbF0LGCogpXIcNgSuIYZbc=,zsqdmbgKqK8IL1BkAKOFssH2qF0=
-166,-5,kF/bvsbF0LGCogpXIcNgSuIYZbc=,zsqdmbgKqK8IL1BkAKOFssH2qF0=
-167,-5,kF/bvsbF0LGCogpXIcNgSuIYZbc=,zsqdmbgKqK8IL1BkAKOFssH2qF0=
-168,-5,kF/bvsbF0LGCogpXIcNgSuIYZbc=,zsqdmbgKqK8IL1BkAKOFssH2qF0=
-169,-5,kF/bvsbF0LGCogpXIcNgSuIYZbc=,zsqdmbgKqK8IL1BkAKOFssH2qF0=
-170,-5,kF/bvsbF0LGCogpXIcNgSuIYZbc=,zsqdmbgKqK8IL1BkAKOFssH2qF0=
-176,-8,kF/bvsbF0LGCogpXIcNgSuIYZbc=,zsqdmbgKqK8IL1BkAKOFssH2qF0=
-171,-5,kF/bvsbF0LGCogpXIcNgSuIYZbc=,zsqdmbgKqK8IL1BkAKOFssH2qF0=
-175,-8,kF/bvsbF0LGCogpXIcNgSuIYZbc=,zsqdmbgKqK8IL1BkAKOFssH2qF0=
-166,-16,kF/bvsbF0LGCogpXIcNgSuIYZbc=,zsqdmbgKqK8IL1BkAKOFssH2qF0=
-174,-8,kF/bvsbF0LGCogpXIcNgSuIYZbc=,zsqdmbgKqK8IL1BkAKOFssH2qF0=
-173,-8,kF/bvsbF0LGCogpXIcNgSuIYZbc=,zsqdmbgKqK8IL1BkAKOFssH2qF0=
-172,-8,kF/bvsbF0LGCogpXIcNgSuIYZbc=,zsqdmbgKqK8IL1BkAKOFssH2qF0=
-171,-8,kF/bvsbF0LGCogpXIcNgSuIYZbc=,zsqdmbgKqK8IL1BkAKOFssH2qF0=
-170,-8,kF/bvsbF0LGCogpXIcNgSuIYZbc=,zsqdmbgKqK8IL1BkAKOFssH2qF0=
-169,-8,kF/bvsbF0LGCogpXIcNgSuIYZbc=,zsqdmbgKqK8IL1BkAKOFssH2qF0=
-168,-8,kF/bvsbF0LGCogpXIcNgSuIYZbc=,zsqdmbgKqK8IL1BkAKOFssH2qF0=
-167,-8,kF/bvsbF0LGCogpXIcNgSuIYZbc=,zsqdmbgKqK8IL1BkAKOFssH2qF0=
-164,-8,kF/bvsbF0LGCogpXIcNgSuIYZbc=,zsqdmbgKqK8IL1BkAKOFssH2qF0=
-165,-15,kF/bvsbF0LGCogpXIcNgSuIYZbc=,zsqdmbgKqK8IL1BkAKOFssH2qF0=
-165,-8,kF/bvsbF0LGCogpXIcNgSuIYZbc=,zsqdmbgKqK8IL1BkAKOFssH2qF0=
-163,-8,kF/bvsbF0LGCogpXIcNgSuIYZbc=,zsqdmbgKqK8IL1BkAKOFssH2qF0=
-162,-8,kF/bvsbF0LGCogpXIcNgSuIYZbc=,zsqdmbgKqK8IL1BkAKOFssH2qF0=
-161,-8,kF/bvsbF0LGCogpXIcNgSuIYZbc=,zsqdmbgKqK8IL1BkAKOFssH2qF0=
-164,-14,kF/bvsbF0LGCogpXIcNgSuIYZbc=,zsqdmbgKqK8IL1BkAKOFssH2qF0=
-166,-8,kF/bvsbF0LGCogpXIcNgSuIYZbc=,zsqdmbgKqK8IL1BkAKOFssH2qF0=
-175,-4,kF/bvsbF0LGCogpXIcNgSuIYZbc=,zsqdmbgKqK8IL1BkAKOFssH2qF0=
-170,-3,kF/bvsbF0LGCogpXIcNgSuIYZbc=,zsqdmbgKqK8IL1BkAKOFssH2qF0=
-169,-1,kF/bvsbF0LGCogpXIcNgSuIYZbc=,zsqdmbgKqK8IL1BkAKOFssH2qF0=
-175,-3,kF/bvsbF0LGCogpXIcNgSuIYZbc=,zsqdmbgKqK8IL1BkAKOFssH2qF0=
-162,-14,kF/bvsbF0LGCogpXIcNgSuIYZbc=,zsqdmbgKqK8IL1BkAKOFssH2qF0=
-163,-16,kF/bvsbF0LGCogpXIcNgSuIYZbc=,zsqdmbgKqK8IL1BkAKOFssH2qF0=
-171,-2,kF/bvsbF0LGCogpXIcNgSuIYZbc=,zsqdmbgKqK8IL1BkAKOFssH2qF0=
-161,-6,kF/bvsbF0LGCogpXIcNgSuIYZbc=,zsqdmbgKqK8IL1BkAKOFssH2qF0=
-163,-15,kF/bvsbF0LGCogpXIcNgSuIYZbc=,zsqdmbgKqK8IL1BkAKOFssH2qF0=
-162,-6,kF/bvsbF0LGCogpXIcNgSuIYZbc=,zsqdmbgKqK8IL1BkAKOFssH2qF0=
-163,-6,kF/bvsbF0LGCogpXIcNgSuIYZbc=,zsqdmbgKqK8IL1BkAKOFssH2qF0=
-164,-6,kF/bvsbF0LGCogpXIcNgSuIYZbc=,zsqdmbgKqK8IL1BkAKOFssH2qF0=
-166,-6,kF/bvsbF0LGCogpXIcNgSuIYZbc=,zsqdmbgKqK8IL1BkAKOFssH2qF0=
-167,-6,kF/bvsbF0LGCogpXIcNgSuIYZbc=,zsqdmbgKqK8IL1BkAKOFssH2qF0=
-165,-6,kF/bvsbF0LGCogpXIcNgSuIYZbc=,zsqdmbgKqK8IL1BkAKOFssH2qF0=
-168,-6,kF/bvsbF0LGCogpXIcNgSuIYZbc=,zsqdmbgKqK8IL1BkAKOFssH2qF0=
-169,-6,kF/bvsbF0LGCogpXIcNgSuIYZbc=,zsqdmbgKqK8IL1BkAKOFssH2qF0=
-171,-6,kF/bvsbF0LGCogpXIcNgSuIYZbc=,zsqdmbgKqK8IL1BkAKOFssH2qF0=
-170,-6,kF/bvsbF0LGCogpXIcNgSuIYZbc=,zsqdmbgKqK8IL1BkAKOFssH2qF0=
-172,-6,kF/bvsbF0LGCogpXIcNgSuIYZbc=,zsqdmbgKqK8IL1BkAKOFssH2qF0=
-173,-1,kF/bvsbF0LGCogpXIcNgSuIYZbc=,zsqdmbgKqK8IL1BkAKOFssH2qF0=
-175,-5,kF/bvsbF0LGCogpXIcNgSuIYZbc=,zsqdmbgKqK8IL1BkAKOFssH2qF0=
-164,-16,kF/bvsbF0LGCogpXIcNgSuIYZbc=,zsqdmbgKqK8IL1BkAKOFssH2qF0=
-174,-4,kF/bvsbF0LGCogpXIcNgSuIYZbc=,zsqdmbgKqK8IL1BkAKOFssH2qF0=
-163,-14,kF/bvsbF0LGCogpXIcNgSuIYZbc=,zsqdmbgKqK8IL1BkAKOFssH2qF0=
-161,-7,kF/bvsbF0LGCogpXIcNgSuIYZbc=,zsqdmbgKqK8IL1BkAKOFssH2qF0=
-164,-15,kF/bvsbF0LGCogpXIcNgSuIYZbc=,zsqdmbgKqK8IL1BkAKOFssH2qF0=
-174,-2,kF/bvsbF0LGCogpXIcNgSuIYZbc=,zsqdmbgKqK8IL1BkAKOFssH2qF0=
-162,-7,kF/bvsbF0LGCogpXIcNgSuIYZbc=,zsqdmbgKqK8IL1BkAKOFssH2qF0=
-164,-7,kF/bvsbF0LGCogpXIcNgSuIYZbc=,zsqdmbgKqK8IL1BkAKOFssH2qF0=
-163,-7,kF/bvsbF0LGCogpXIcNgSuIYZbc=,zsqdmbgKqK8IL1BkAKOFssH2qF0=
-165,-7,kF/bvsbF0LGCogpXIcNgSuIYZbc=,zsqdmbgKqK8IL1BkAKOFssH2qF0=
-166,-7,kF/bvsbF0LGCogpXIcNgSuIYZbc=,zsqdmbgKqK8IL1BkAKOFssH2qF0=
-168,-7,kF/bvsbF0LGCogpXIcNgSuIYZbc=,zsqdmbgKqK8IL1BkAKOFssH2qF0=
-167,-7,kF/bvsbF0LGCogpXIcNgSuIYZbc=,zsqdmbgKqK8IL1BkAKOFssH2qF0=
-169,-7,kF/bvsbF0LGCogpXIcNgSuIYZbc=,zsqdmbgKqK8IL1BkAKOFssH2qF0=
-170,-7,kF/bvsbF0LGCogpXIcNgSuIYZbc=,zsqdmbgKqK8IL1BkAKOFssH2qF0=
-171,-7,kF/bvsbF0LGCogpXIcNgSuIYZbc=,zsqdmbgKqK8IL1BkAKOFssH2qF0=
-173,-7,kF/bvsbF0LGCogpXIcNgSuIYZbc=,zsqdmbgKqK8IL1BkAKOFssH2qF0=
-176,-5,kF/bvsbF0LGCogpXIcNgSuIYZbc=,zsqdmbgKqK8IL1BkAKOFssH2qF0=
-175,-7,kF/bvsbF0LGCogpXIcNgSuIYZbc=,zsqdmbgKqK8IL1BkAKOFssH2qF0=
-172,-7,kF/bvsbF0LGCogpXIcNgSuIYZbc=,zsqdmbgKqK8IL1BkAKOFssH2qF0=
-165,-16,kF/bvsbF0LGCogpXIcNgSuIYZbc=,zsqdmbgKqK8IL1BkAKOFssH2qF0=
-172,-1,kF/bvsbF0LGCogpXIcNgSuIYZbc=,zsqdmbgKqK8IL1BkAKOFssH2qF0=
-176,-7,kF/bvsbF0LGCogpXIcNgSuIYZbc=,zsqdmbgKqK8IL1BkAKOFssH2qF0=
-173,-6,kF/bvsbF0LGCogpXIcNgSuIYZbc=,zsqdmbgKqK8IL1BkAKOFssH2qF0=
-172,-5,kF/bvsbF0LGCogpXIcNgSuIYZbc=,zsqdmbgKqK8IL1BkAKOFssH2qF0=
-173,-3,kF/bvsbF0LGCogpXIcNgSuIYZbc=,zsqdmbgKqK8IL1BkAKOFssH2qF0=
-174,-5,kF/bvsbF0LGCogpXIcNgSuIYZbc=,zsqdmbgKqK8IL1BkAKOFssH2qF0=
-174,-6,kF/bvsbF0LGCogpXIcNgSuIYZbc=,zsqdmbgKqK8IL1BkAKOFssH2qF0=
-176,-6,kF/bvsbF0LGCogpXIcNgSuIYZbc=,zsqdmbgKqK8IL1BkAKOFssH2qF0=
-174,-7,kF/bvsbF0LGCogpXIcNgSuIYZbc=,zsqdmbgKqK8IL1BkAKOFssH2qF0=
-175,-6,kF/bvsbF0LGCogpXIcNgSuIYZbc=,zsqdmbgKqK8IL1BkAKOFssH2qF0=
-173,-5,kF/bvsbF0LGCogpXIcNgSuIYZbc=,zsqdmbgKqK8IL1BkAKOFssH2qF0=
-172,-3,kF/bvsbF0LGCogpXIcNgSuIYZbc=,zsqdmbgKqK8IL1BkAKOFssH2qF0=
-170,-1,kF/bvsbF0LGCogpXIcNgSuIYZbc=,zsqdmbgKqK8IL1BkAKOFssH2qF0=
-173,-4,kF/bvsbF0LGCogpXIcNgSuIYZbc=,zsqdmbgKqK8IL1BkAKOFssH2qF0=
-186,-29,p8SzANyeyG3SMZ1HZA8Gu6bUd0I=,Hk3RzmG7IhULQf4jCPom4NOeqYg=
-185,-29,p8SzANyeyG3SMZ1HZA8Gu6bUd0I=,Hk3RzmG7IhULQf4jCPom4NOeqYg=
-184,-29,p8SzANyeyG3SMZ1HZA8Gu6bUd0I=,Hk3RzmG7IhULQf4jCPom4NOeqYg=
-187,-32,p8SzANyeyG3SMZ1HZA8Gu6bUd0I=,Hk3RzmG7IhULQf4jCPom4NOeqYg=
-183,-29,p8SzANyeyG3SMZ1HZA8Gu6bUd0I=,Hk3RzmG7IhULQf4jCPom4NOeqYg=
-182,-29,p8SzANyeyG3SMZ1HZA8Gu6bUd0I=,Hk3RzmG7IhULQf4jCPom4NOeqYg=
-181,-29,p8SzANyeyG3SMZ1HZA8Gu6bUd0I=,Hk3RzmG7IhULQf4jCPom4NOeqYg=
-180,-29,p8SzANyeyG3SMZ1HZA8Gu6bUd0I=,Hk3RzmG7IhULQf4jCPom4NOeqYg=
-179,-29,p8SzANyeyG3SMZ1HZA8Gu6bUd0I=,Hk3RzmG7IhULQf4jCPom4NOeqYg=
-187,-30,p8SzANyeyG3SMZ1HZA8Gu6bUd0I=,Hk3RzmG7IhULQf4jCPom4NOeqYg=
-186,-30,p8SzANyeyG3SMZ1HZA8Gu6bUd0I=,Hk3RzmG7IhULQf4jCPom4NOeqYg=
-187,-29,p8SzANyeyG3SMZ1HZA8Gu6bUd0I=,Hk3RzmG7IhULQf4jCPom4NOeqYg=
-178,-29,p8SzANyeyG3SMZ1HZA8Gu6bUd0I=,Hk3RzmG7IhULQf4jCPom4NOeqYg=
-189,-32,p8SzANyeyG3SMZ1HZA8Gu6bUd0I=,Hk3RzmG7IhULQf4jCPom4NOeqYg=
-177,-29,p8SzANyeyG3SMZ1HZA8Gu6bUd0I=,Hk3RzmG7IhULQf4jCPom4NOeqYg=
-186,-31,p8SzANyeyG3SMZ1HZA8Gu6bUd0I=,Hk3RzmG7IhULQf4jCPom4NOeqYg=
-185,-30,p8SzANyeyG3SMZ1HZA8Gu6bUd0I=,Hk3RzmG7IhULQf4jCPom4NOeqYg=
-186,-32,p8SzANyeyG3SMZ1HZA8Gu6bUd0I=,Hk3RzmG7IhULQf4jCPom4NOeqYg=
-191,-28,p8SzANyeyG3SMZ1HZA8Gu6bUd0I=,Hk3RzmG7IhULQf4jCPom4NOeqYg=
-190,-28,p8SzANyeyG3SMZ1HZA8Gu6bUd0I=,Hk3RzmG7IhULQf4jCPom4NOeqYg=
-189,-28,p8SzANyeyG3SMZ1HZA8Gu6bUd0I=,Hk3RzmG7IhULQf4jCPom4NOeqYg=
-187,-28,p8SzANyeyG3SMZ1HZA8Gu6bUd0I=,Hk3RzmG7IhULQf4jCPom4NOeqYg=
-188,-28,p8SzANyeyG3SMZ1HZA8Gu6bUd0I=,Hk3RzmG7IhULQf4jCPom4NOeqYg=
-186,-28,p8SzANyeyG3SMZ1HZA8Gu6bUd0I=,Hk3RzmG7IhULQf4jCPom4NOeqYg=
-185,-28,p8SzANyeyG3SMZ1HZA8Gu6bUd0I=,Hk3RzmG7IhULQf4jCPom4NOeqYg=
-184,-28,p8SzANyeyG3SMZ1HZA8Gu6bUd0I=,Hk3RzmG7IhULQf4jCPom4NOeqYg=
-183,-28,p8SzANyeyG3SMZ1HZA8Gu6bUd0I=,Hk3RzmG7IhULQf4jCPom4NOeqYg=
-182,-28,p8SzANyeyG3SMZ1HZA8Gu6bUd0I=,Hk3RzmG7IhULQf4jCPom4NOeqYg=
-181,-28,p8SzANyeyG3SMZ1HZA8Gu6bUd0I=,Hk3RzmG7IhULQf4jCPom4NOeqYg=
-180,-28,p8SzANyeyG3SMZ1HZA8Gu6bUd0I=,Hk3RzmG7IhULQf4jCPom4NOeqYg=
-179,-28,p8SzANyeyG3SMZ1HZA8Gu6bUd0I=,Hk3RzmG7IhULQf4jCPom4NOeqYg=
-177,-28,p8SzANyeyG3SMZ1HZA8Gu6bUd0I=,Hk3RzmG7IhULQf4jCPom4NOeqYg=
-184,-30,p8SzANyeyG3SMZ1HZA8Gu6bUd0I=,Hk3RzmG7IhULQf4jCPom4NOeqYg=
-185,-31,p8SzANyeyG3SMZ1HZA8Gu6bUd0I=,Hk3RzmG7IhULQf4jCPom4NOeqYg=
-178,-28,p8SzANyeyG3SMZ1HZA8Gu6bUd0I=,Hk3RzmG7IhULQf4jCPom4NOeqYg=
-185,-32,p8SzANyeyG3SMZ1HZA8Gu6bUd0I=,Hk3RzmG7IhULQf4jCPom4NOeqYg=
-191,-27,p8SzANyeyG3SMZ1HZA8Gu6bUd0I=,Hk3RzmG7IhULQf4jCPom4NOeqYg=
-190,-27,p8SzANyeyG3SMZ1HZA8Gu6bUd0I=,Hk3RzmG7IhULQf4jCPom4NOeqYg=
-189,-27,p8SzANyeyG3SMZ1HZA8Gu6bUd0I=,Hk3RzmG7IhULQf4jCPom4NOeqYg=
-187,-27,p8SzANyeyG3SMZ1HZA8Gu6bUd0I=,Hk3RzmG7IhULQf4jCPom4NOeqYg=
-188,-27,p8SzANyeyG3SMZ1HZA8Gu6bUd0I=,Hk3RzmG7IhULQf4jCPom4NOeqYg=
-185,-27,p8SzANyeyG3SMZ1HZA8Gu6bUd0I=,Hk3RzmG7IhULQf4jCPom4NOeqYg=
-186,-27,p8SzANyeyG3SMZ1HZA8Gu6bUd0I=,Hk3RzmG7IhULQf4jCPom4NOeqYg=
-184,-27,p8SzANyeyG3SMZ1HZA8Gu6bUd0I=,Hk3RzmG7IhULQf4jCPom4NOeqYg=
-183,-27,p8SzANyeyG3SMZ1HZA8Gu6bUd0I=,Hk3RzmG7IhULQf4jCPom4NOeqYg=
-181,-27,p8SzANyeyG3SMZ1HZA8Gu6bUd0I=,Hk3RzmG7IhULQf4jCPom4NOeqYg=
-180,-27,p8SzANyeyG3SMZ1HZA8Gu6bUd0I=,Hk3RzmG7IhULQf4jCPom4NOeqYg=
-182,-27,p8SzANyeyG3SMZ1HZA8Gu6bUd0I=,Hk3RzmG7IhULQf4jCPom4NOeqYg=
-177,-27,p8SzANyeyG3SMZ1HZA8Gu6bUd0I=,Hk3RzmG7IhULQf4jCPom4NOeqYg=
-179,-27,p8SzANyeyG3SMZ1HZA8Gu6bUd0I=,Hk3RzmG7IhULQf4jCPom4NOeqYg=
-178,-27,p8SzANyeyG3SMZ1HZA8Gu6bUd0I=,Hk3RzmG7IhULQf4jCPom4NOeqYg=
-184,-32,p8SzANyeyG3SMZ1HZA8Gu6bUd0I=,Hk3RzmG7IhULQf4jCPom4NOeqYg=
-183,-30,p8SzANyeyG3SMZ1HZA8Gu6bUd0I=,Hk3RzmG7IhULQf4jCPom4NOeqYg=
-184,-31,p8SzANyeyG3SMZ1HZA8Gu6bUd0I=,Hk3RzmG7IhULQf4jCPom4NOeqYg=
-190,-26,p8SzANyeyG3SMZ1HZA8Gu6bUd0I=,Hk3RzmG7IhULQf4jCPom4NOeqYg=
-189,-26,p8SzANyeyG3SMZ1HZA8Gu6bUd0I=,Hk3RzmG7IhULQf4jCPom4NOeqYg=
-191,-26,p8SzANyeyG3SMZ1HZA8Gu6bUd0I=,Hk3RzmG7IhULQf4jCPom4NOeqYg=
-187,-26,p8SzANyeyG3SMZ1HZA8Gu6bUd0I=,Hk3RzmG7IhULQf4jCPom4NOeqYg=
-186,-26,p8SzANyeyG3SMZ1HZA8Gu6bUd0I=,Hk3RzmG7IhULQf4jCPom4NOeqYg=
-188,-26,p8SzANyeyG3SMZ1HZA8Gu6bUd0I=,Hk3RzmG7IhULQf4jCPom4NOeqYg=
-184,-26,p8SzANyeyG3SMZ1HZA8Gu6bUd0I=,Hk3RzmG7IhULQf4jCPom4NOeqYg=
-185,-26,p8SzANyeyG3SMZ1HZA8Gu6bUd0I=,Hk3RzmG7IhULQf4jCPom4NOeqYg=
-183,-26,p8SzANyeyG3SMZ1HZA8Gu6bUd0I=,Hk3RzmG7IhULQf4jCPom4NOeqYg=
-182,-26,p8SzANyeyG3SMZ1HZA8Gu6bUd0I=,Hk3RzmG7IhULQf4jCPom4NOeqYg=
-180,-26,p8SzANyeyG3SMZ1HZA8Gu6bUd0I=,Hk3RzmG7IhULQf4jCPom4NOeqYg=
-181,-26,p8SzANyeyG3SMZ1HZA8Gu6bUd0I=,Hk3RzmG7IhULQf4jCPom4NOeqYg=
-183,-31,p8SzANyeyG3SMZ1HZA8Gu6bUd0I=,Hk3RzmG7IhULQf4jCPom4NOeqYg=
-182,-30,p8SzANyeyG3SMZ1HZA8Gu6bUd0I=,Hk3RzmG7IhULQf4jCPom4NOeqYg=
-177,-26,p8SzANyeyG3SMZ1HZA8Gu6bUd0I=,Hk3RzmG7IhULQf4jCPom4NOeqYg=
-178,-26,p8SzANyeyG3SMZ1HZA8Gu6bUd0I=,Hk3RzmG7IhULQf4jCPom4NOeqYg=
-179,-26,p8SzANyeyG3SMZ1HZA8Gu6bUd0I=,Hk3RzmG7IhULQf4jCPom4NOeqYg=
-183,-32,p8SzANyeyG3SMZ1HZA8Gu6bUd0I=,Hk3RzmG7IhULQf4jCPom4NOeqYg=
-188,-25,p8SzANyeyG3SMZ1HZA8Gu6bUd0I=,Hk3RzmG7IhULQf4jCPom4NOeqYg=
-189,-25,p8SzANyeyG3SMZ1HZA8Gu6bUd0I=,Hk3RzmG7IhULQf4jCPom4NOeqYg=
-190,-25,p8SzANyeyG3SMZ1HZA8Gu6bUd0I=,Hk3RzmG7IhULQf4jCPom4NOeqYg=
-184,-25,p8SzANyeyG3SMZ1HZA8Gu6bUd0I=,Hk3RzmG7IhULQf4jCPom4NOeqYg=
-186,-25,p8SzANyeyG3SMZ1HZA8Gu6bUd0I=,Hk3RzmG7IhULQf4jCPom4NOeqYg=
-191,-25,p8SzANyeyG3SMZ1HZA8Gu6bUd0I=,Hk3RzmG7IhULQf4jCPom4NOeqYg=
-185,-25,p8SzANyeyG3SMZ1HZA8Gu6bUd0I=,Hk3RzmG7IhULQf4jCPom4NOeqYg=
-187,-25,p8SzANyeyG3SMZ1HZA8Gu6bUd0I=,Hk3RzmG7IhULQf4jCPom4NOeqYg=
-182,-25,p8SzANyeyG3SMZ1HZA8Gu6bUd0I=,Hk3RzmG7IhULQf4jCPom4NOeqYg=
-181,-25,p8SzANyeyG3SMZ1HZA8Gu6bUd0I=,Hk3RzmG7IhULQf4jCPom4NOeqYg=
-178,-25,p8SzANyeyG3SMZ1HZA8Gu6bUd0I=,Hk3RzmG7IhULQf4jCPom4NOeqYg=
-180,-25,p8SzANyeyG3SMZ1HZA8Gu6bUd0I=,Hk3RzmG7IhULQf4jCPom4NOeqYg=
-179,-25,p8SzANyeyG3SMZ1HZA8Gu6bUd0I=,Hk3RzmG7IhULQf4jCPom4NOeqYg=
-177,-25,p8SzANyeyG3SMZ1HZA8Gu6bUd0I=,Hk3RzmG7IhULQf4jCPom4NOeqYg=
-182,-32,p8SzANyeyG3SMZ1HZA8Gu6bUd0I=,Hk3RzmG7IhULQf4jCPom4NOeqYg=
-182,-31,p8SzANyeyG3SMZ1HZA8Gu6bUd0I=,Hk3RzmG7IhULQf4jCPom4NOeqYg=
-181,-30,p8SzANyeyG3SMZ1HZA8Gu6bUd0I=,Hk3RzmG7IhULQf4jCPom4NOeqYg=
-183,-25,p8SzANyeyG3SMZ1HZA8Gu6bUd0I=,Hk3RzmG7IhULQf4jCPom4NOeqYg=
-191,-24,p8SzANyeyG3SMZ1HZA8Gu6bUd0I=,Hk3RzmG7IhULQf4jCPom4NOeqYg=
-190,-24,p8SzANyeyG3SMZ1HZA8Gu6bUd0I=,Hk3RzmG7IhULQf4jCPom4NOeqYg=
-189,-24,p8SzANyeyG3SMZ1HZA8Gu6bUd0I=,Hk3RzmG7IhULQf4jCPom4NOeqYg=
-187,-24,p8SzANyeyG3SMZ1HZA8Gu6bUd0I=,Hk3RzmG7IhULQf4jCPom4NOeqYg=
-184,-24,p8SzANyeyG3SMZ1HZA8Gu6bUd0I=,Hk3RzmG7IhULQf4jCPom4NOeqYg=
-185,-24,p8SzANyeyG3SMZ1HZA8Gu6bUd0I=,Hk3RzmG7IhULQf4jCPom4NOeqYg=
-186,-24,p8SzANyeyG3SMZ1HZA8Gu6bUd0I=,Hk3RzmG7IhULQf4jCPom4NOeqYg=
-183,-24,p8SzANyeyG3SMZ1HZA8Gu6bUd0I=,Hk3RzmG7IhULQf4jCPom4NOeqYg=
-182,-24,p8SzANyeyG3SMZ1HZA8Gu6bUd0I=,Hk3RzmG7IhULQf4jCPom4NOeqYg=
-188,-24,p8SzANyeyG3SMZ1HZA8Gu6bUd0I=,Hk3RzmG7IhULQf4jCPom4NOeqYg=
-181,-24,p8SzANyeyG3SMZ1HZA8Gu6bUd0I=,Hk3RzmG7IhULQf4jCPom4NOeqYg=
-179,-24,p8SzANyeyG3SMZ1HZA8Gu6bUd0I=,Hk3RzmG7IhULQf4jCPom4NOeqYg=
-178,-24,p8SzANyeyG3SMZ1HZA8Gu6bUd0I=,Hk3RzmG7IhULQf4jCPom4NOeqYg=
-180,-24,p8SzANyeyG3SMZ1HZA8Gu6bUd0I=,Hk3RzmG7IhULQf4jCPom4NOeqYg=
-181,-31,p8SzANyeyG3SMZ1HZA8Gu6bUd0I=,Hk3RzmG7IhULQf4jCPom4NOeqYg=
-177,-24,p8SzANyeyG3SMZ1HZA8Gu6bUd0I=,Hk3RzmG7IhULQf4jCPom4NOeqYg=
-181,-32,p8SzANyeyG3SMZ1HZA8Gu6bUd0I=,Hk3RzmG7IhULQf4jCPom4NOeqYg=
-180,-30,p8SzANyeyG3SMZ1HZA8Gu6bUd0I=,Hk3RzmG7IhULQf4jCPom4NOeqYg=
-189,-23,p8SzANyeyG3SMZ1HZA8Gu6bUd0I=,Hk3RzmG7IhULQf4jCPom4NOeqYg=
-188,-23,p8SzANyeyG3SMZ1HZA8Gu6bUd0I=,Hk3RzmG7IhULQf4jCPom4NOeqYg=
-187,-23,p8SzANyeyG3SMZ1HZA8Gu6bUd0I=,Hk3RzmG7IhULQf4jCPom4NOeqYg=
-191,-23,p8SzANyeyG3SMZ1HZA8Gu6bUd0I=,Hk3RzmG7IhULQf4jCPom4NOeqYg=
-185,-23,p8SzANyeyG3SMZ1HZA8Gu6bUd0I=,Hk3RzmG7IhULQf4jCPom4NOeqYg=
-186,-23,p8SzANyeyG3SMZ1HZA8Gu6bUd0I=,Hk3RzmG7IhULQf4jCPom4NOeqYg=
-183,-23,p8SzANyeyG3SMZ1HZA8Gu6bUd0I=,Hk3RzmG7IhULQf4jCPom4NOeqYg=
-184,-23,p8SzANyeyG3SMZ1HZA8Gu6bUd0I=,Hk3RzmG7IhULQf4jCPom4NOeqYg=
-190,-23,p8SzANyeyG3SMZ1HZA8Gu6bUd0I=,Hk3RzmG7IhULQf4jCPom4NOeqYg=
-181,-23,p8SzANyeyG3SMZ1HZA8Gu6bUd0I=,Hk3RzmG7IhULQf4jCPom4NOeqYg=
-182,-23,p8SzANyeyG3SMZ1HZA8Gu6bUd0I=,Hk3RzmG7IhULQf4jCPom4NOeqYg=
-180,-23,p8SzANyeyG3SMZ1HZA8Gu6bUd0I=,Hk3RzmG7IhULQf4jCPom4NOeqYg=
-179,-23,p8SzANyeyG3SMZ1HZA8Gu6bUd0I=,Hk3RzmG7IhULQf4jCPom4NOeqYg=
-178,-23,p8SzANyeyG3SMZ1HZA8Gu6bUd0I=,Hk3RzmG7IhULQf4jCPom4NOeqYg=
-189,-22,p8SzANyeyG3SMZ1HZA8Gu6bUd0I=,Hk3RzmG7IhULQf4jCPom4NOeqYg=
-180,-31,p8SzANyeyG3SMZ1HZA8Gu6bUd0I=,Hk3RzmG7IhULQf4jCPom4NOeqYg=
-187,-22,p8SzANyeyG3SMZ1HZA8Gu6bUd0I=,Hk3RzmG7IhULQf4jCPom4NOeqYg=
-186,-22,p8SzANyeyG3SMZ1HZA8Gu6bUd0I=,Hk3RzmG7IhULQf4jCPom4NOeqYg=
-188,-22,p8SzANyeyG3SMZ1HZA8Gu6bUd0I=,Hk3RzmG7IhULQf4jCPom4NOeqYg=
-185,-22,p8SzANyeyG3SMZ1HZA8Gu6bUd0I=,Hk3RzmG7IhULQf4jCPom4NOeqYg=
-184,-22,p8SzANyeyG3SMZ1HZA8Gu6bUd0I=,Hk3RzmG7IhULQf4jCPom4NOeqYg=
-183,-22,p8SzANyeyG3SMZ1HZA8Gu6bUd0I=,Hk3RzmG7IhULQf4jCPom4NOeqYg=
-182,-22,p8SzANyeyG3SMZ1HZA8Gu6bUd0I=,Hk3RzmG7IhULQf4jCPom4NOeqYg=
-179,-30,p8SzANyeyG3SMZ1HZA8Gu6bUd0I=,Hk3RzmG7IhULQf4jCPom4NOeqYg=
-181,-22,p8SzANyeyG3SMZ1HZA8Gu6bUd0I=,Hk3RzmG7IhULQf4jCPom4NOeqYg=
-180,-22,p8SzANyeyG3SMZ1HZA8Gu6bUd0I=,Hk3RzmG7IhULQf4jCPom4NOeqYg=
-191,-22,p8SzANyeyG3SMZ1HZA8Gu6bUd0I=,Hk3RzmG7IhULQf4jCPom4NOeqYg=
-179,-22,p8SzANyeyG3SMZ1HZA8Gu6bUd0I=,Hk3RzmG7IhULQf4jCPom4NOeqYg=
-179,-31,p8SzANyeyG3SMZ1HZA8Gu6bUd0I=,Hk3RzmG7IhULQf4jCPom4NOeqYg=
-178,-22,p8SzANyeyG3SMZ1HZA8Gu6bUd0I=,Hk3RzmG7IhULQf4jCPom4NOeqYg=
-190,-22,p8SzANyeyG3SMZ1HZA8Gu6bUd0I=,Hk3RzmG7IhULQf4jCPom4NOeqYg=
-177,-22,p8SzANyeyG3SMZ1HZA8Gu6bUd0I=,Hk3RzmG7IhULQf4jCPom4NOeqYg=
-178,-30,p8SzANyeyG3SMZ1HZA8Gu6bUd0I=,Hk3RzmG7IhULQf4jCPom4NOeqYg=
-177,-23,p8SzANyeyG3SMZ1HZA8Gu6bUd0I=,Hk3RzmG7IhULQf4jCPom4NOeqYg=
-179,-32,p8SzANyeyG3SMZ1HZA8Gu6bUd0I=,Hk3RzmG7IhULQf4jCPom4NOeqYg=
-190,-21,p8SzANyeyG3SMZ1HZA8Gu6bUd0I=,Hk3RzmG7IhULQf4jCPom4NOeqYg=
-189,-21,p8SzANyeyG3SMZ1HZA8Gu6bUd0I=,Hk3RzmG7IhULQf4jCPom4NOeqYg=
-191,-21,p8SzANyeyG3SMZ1HZA8Gu6bUd0I=,Hk3RzmG7IhULQf4jCPom4NOeqYg=
-180,-32,p8SzANyeyG3SMZ1HZA8Gu6bUd0I=,Hk3RzmG7IhULQf4jCPom4NOeqYg=
-188,-21,p8SzANyeyG3SMZ1HZA8Gu6bUd0I=,Hk3RzmG7IhULQf4jCPom4NOeqYg=
-186,-21,p8SzANyeyG3SMZ1HZA8Gu6bUd0I=,Hk3RzmG7IhULQf4jCPom4NOeqYg=
-187,-21,p8SzANyeyG3SMZ1HZA8Gu6bUd0I=,Hk3RzmG7IhULQf4jCPom4NOeqYg=
-185,-21,p8SzANyeyG3SMZ1HZA8Gu6bUd0I=,Hk3RzmG7IhULQf4jCPom4NOeqYg=
-184,-21,p8SzANyeyG3SMZ1HZA8Gu6bUd0I=,Hk3RzmG7IhULQf4jCPom4NOeqYg=
-183,-21,p8SzANyeyG3SMZ1HZA8Gu6bUd0I=,Hk3RzmG7IhULQf4jCPom4NOeqYg=
-182,-21,p8SzANyeyG3SMZ1HZA8Gu6bUd0I=,Hk3RzmG7IhULQf4jCPom4NOeqYg=
-179,-21,p8SzANyeyG3SMZ1HZA8Gu6bUd0I=,Hk3RzmG7IhULQf4jCPom4NOeqYg=
-178,-21,p8SzANyeyG3SMZ1HZA8Gu6bUd0I=,Hk3RzmG7IhULQf4jCPom4NOeqYg=
-177,-21,p8SzANyeyG3SMZ1HZA8Gu6bUd0I=,Hk3RzmG7IhULQf4jCPom4NOeqYg=
-178,-31,p8SzANyeyG3SMZ1HZA8Gu6bUd0I=,Hk3RzmG7IhULQf4jCPom4NOeqYg=
-181,-21,p8SzANyeyG3SMZ1HZA8Gu6bUd0I=,Hk3RzmG7IhULQf4jCPom4NOeqYg=
-177,-31,p8SzANyeyG3SMZ1HZA8Gu6bUd0I=,Hk3RzmG7IhULQf4jCPom4NOeqYg=
-180,-21,p8SzANyeyG3SMZ1HZA8Gu6bUd0I=,Hk3RzmG7IhULQf4jCPom4NOeqYg=
-177,-30,p8SzANyeyG3SMZ1HZA8Gu6bUd0I=,Hk3RzmG7IhULQf4jCPom4NOeqYg=
-177,-32,p8SzANyeyG3SMZ1HZA8Gu6bUd0I=,Hk3RzmG7IhULQf4jCPom4NOeqYg=
-178,-32,p8SzANyeyG3SMZ1HZA8Gu6bUd0I=,Hk3RzmG7IhULQf4jCPom4NOeqYg=
-190,-32,p8SzANyeyG3SMZ1HZA8Gu6bUd0I=,Hk3RzmG7IhULQf4jCPom4NOeqYg=
-191,-31,p8SzANyeyG3SMZ1HZA8Gu6bUd0I=,Hk3RzmG7IhULQf4jCPom4NOeqYg=
-191,-20,p8SzANyeyG3SMZ1HZA8Gu6bUd0I=,Hk3RzmG7IhULQf4jCPom4NOeqYg=
-190,-20,p8SzANyeyG3SMZ1HZA8Gu6bUd0I=,Hk3RzmG7IhULQf4jCPom4NOeqYg=
-188,-20,p8SzANyeyG3SMZ1HZA8Gu6bUd0I=,Hk3RzmG7IhULQf4jCPom4NOeqYg=
-189,-20,p8SzANyeyG3SMZ1HZA8Gu6bUd0I=,Hk3RzmG7IhULQf4jCPom4NOeqYg=
-187,-20,p8SzANyeyG3SMZ1HZA8Gu6bUd0I=,Hk3RzmG7IhULQf4jCPom4NOeqYg=
-186,-20,p8SzANyeyG3SMZ1HZA8Gu6bUd0I=,Hk3RzmG7IhULQf4jCPom4NOeqYg=
-185,-20,p8SzANyeyG3SMZ1HZA8Gu6bUd0I=,Hk3RzmG7IhULQf4jCPom4NOeqYg=
-182,-20,p8SzANyeyG3SMZ1HZA8Gu6bUd0I=,Hk3RzmG7IhULQf4jCPom4NOeqYg=
-184,-20,p8SzANyeyG3SMZ1HZA8Gu6bUd0I=,Hk3RzmG7IhULQf4jCPom4NOeqYg=
-183,-20,p8SzANyeyG3SMZ1HZA8Gu6bUd0I=,Hk3RzmG7IhULQf4jCPom4NOeqYg=
-181,-20,p8SzANyeyG3SMZ1HZA8Gu6bUd0I=,Hk3RzmG7IhULQf4jCPom4NOeqYg=
-178,-20,p8SzANyeyG3SMZ1HZA8Gu6bUd0I=,Hk3RzmG7IhULQf4jCPom4NOeqYg=
-180,-20,p8SzANyeyG3SMZ1HZA8Gu6bUd0I=,Hk3RzmG7IhULQf4jCPom4NOeqYg=
-179,-20,p8SzANyeyG3SMZ1HZA8Gu6bUd0I=,Hk3RzmG7IhULQf4jCPom4NOeqYg=
-177,-20,p8SzANyeyG3SMZ1HZA8Gu6bUd0I=,Hk3RzmG7IhULQf4jCPom4NOeqYg=
-191,-30,p8SzANyeyG3SMZ1HZA8Gu6bUd0I=,Hk3RzmG7IhULQf4jCPom4NOeqYg=
-190,-19,p8SzANyeyG3SMZ1HZA8Gu6bUd0I=,Hk3RzmG7IhULQf4jCPom4NOeqYg=
-188,-29,p8SzANyeyG3SMZ1HZA8Gu6bUd0I=,Hk3RzmG7IhULQf4jCPom4NOeqYg=
-188,-19,p8SzANyeyG3SMZ1HZA8Gu6bUd0I=,Hk3RzmG7IhULQf4jCPom4NOeqYg=
-189,-19,p8SzANyeyG3SMZ1HZA8Gu6bUd0I=,Hk3RzmG7IhULQf4jCPom4NOeqYg=
-186,-19,p8SzANyeyG3SMZ1HZA8Gu6bUd0I=,Hk3RzmG7IhULQf4jCPom4NOeqYg=
-187,-19,p8SzANyeyG3SMZ1HZA8Gu6bUd0I=,Hk3RzmG7IhULQf4jCPom4NOeqYg=
-185,-19,p8SzANyeyG3SMZ1HZA8Gu6bUd0I=,Hk3RzmG7IhULQf4jCPom4NOeqYg=
-190,-31,p8SzANyeyG3SMZ1HZA8Gu6bUd0I=,Hk3RzmG7IhULQf4jCPom4NOeqYg=
-184,-19,p8SzANyeyG3SMZ1HZA8Gu6bUd0I=,Hk3RzmG7IhULQf4jCPom4NOeqYg=
-183,-19,p8SzANyeyG3SMZ1HZA8Gu6bUd0I=,Hk3RzmG7IhULQf4jCPom4NOeqYg=
-181,-19,p8SzANyeyG3SMZ1HZA8Gu6bUd0I=,Hk3RzmG7IhULQf4jCPom4NOeqYg=
-180,-19,p8SzANyeyG3SMZ1HZA8Gu6bUd0I=,Hk3RzmG7IhULQf4jCPom4NOeqYg=
-182,-19,p8SzANyeyG3SMZ1HZA8Gu6bUd0I=,Hk3RzmG7IhULQf4jCPom4NOeqYg=
-177,-19,p8SzANyeyG3SMZ1HZA8Gu6bUd0I=,Hk3RzmG7IhULQf4jCPom4NOeqYg=
-179,-19,p8SzANyeyG3SMZ1HZA8Gu6bUd0I=,Hk3RzmG7IhULQf4jCPom4NOeqYg=
-190,-30,p8SzANyeyG3SMZ1HZA8Gu6bUd0I=,Hk3RzmG7IhULQf4jCPom4NOeqYg=
-190,-18,p8SzANyeyG3SMZ1HZA8Gu6bUd0I=,Hk3RzmG7IhULQf4jCPom4NOeqYg=
-178,-19,p8SzANyeyG3SMZ1HZA8Gu6bUd0I=,Hk3RzmG7IhULQf4jCPom4NOeqYg=
-189,-31,p8SzANyeyG3SMZ1HZA8Gu6bUd0I=,Hk3RzmG7IhULQf4jCPom4NOeqYg=
-187,-18,p8SzANyeyG3SMZ1HZA8Gu6bUd0I=,Hk3RzmG7IhULQf4jCPom4NOeqYg=
-189,-18,p8SzANyeyG3SMZ1HZA8Gu6bUd0I=,Hk3RzmG7IhULQf4jCPom4NOeqYg=
-188,-18,p8SzANyeyG3SMZ1HZA8Gu6bUd0I=,Hk3RzmG7IhULQf4jCPom4NOeqYg=
-185,-18,p8SzANyeyG3SMZ1HZA8Gu6bUd0I=,Hk3RzmG7IhULQf4jCPom4NOeqYg=
-184,-18,p8SzANyeyG3SMZ1HZA8Gu6bUd0I=,Hk3RzmG7IhULQf4jCPom4NOeqYg=
-183,-18,p8SzANyeyG3SMZ1HZA8Gu6bUd0I=,Hk3RzmG7IhULQf4jCPom4NOeqYg=
-186,-18,p8SzANyeyG3SMZ1HZA8Gu6bUd0I=,Hk3RzmG7IhULQf4jCPom4NOeqYg=
-181,-18,p8SzANyeyG3SMZ1HZA8Gu6bUd0I=,Hk3RzmG7IhULQf4jCPom4NOeqYg=
-180,-18,p8SzANyeyG3SMZ1HZA8Gu6bUd0I=,Hk3RzmG7IhULQf4jCPom4NOeqYg=
-182,-18,p8SzANyeyG3SMZ1HZA8Gu6bUd0I=,Hk3RzmG7IhULQf4jCPom4NOeqYg=
-179,-18,p8SzANyeyG3SMZ1HZA8Gu6bUd0I=,Hk3RzmG7IhULQf4jCPom4NOeqYg=
-177,-18,p8SzANyeyG3SMZ1HZA8Gu6bUd0I=,Hk3RzmG7IhULQf4jCPom4NOeqYg=
-189,-30,p8SzANyeyG3SMZ1HZA8Gu6bUd0I=,Hk3RzmG7IhULQf4jCPom4NOeqYg=
-178,-18,p8SzANyeyG3SMZ1HZA8Gu6bUd0I=,Hk3RzmG7IhULQf4jCPom4NOeqYg=
-191,-29,p8SzANyeyG3SMZ1HZA8Gu6bUd0I=,Hk3RzmG7IhULQf4jCPom4NOeqYg=
-188,-32,p8SzANyeyG3SMZ1HZA8Gu6bUd0I=,Hk3RzmG7IhULQf4jCPom4NOeqYg=
-190,-29,p8SzANyeyG3SMZ1HZA8Gu6bUd0I=,Hk3RzmG7IhULQf4jCPom4NOeqYg=
-191,-32,p8SzANyeyG3SMZ1HZA8Gu6bUd0I=,Hk3RzmG7IhULQf4jCPom4NOeqYg=
-188,-30,p8SzANyeyG3SMZ1HZA8Gu6bUd0I=,Hk3RzmG7IhULQf4jCPom4NOeqYg=
-188,-31,p8SzANyeyG3SMZ1HZA8Gu6bUd0I=,Hk3RzmG7IhULQf4jCPom4NOeqYg=
-187,-31,p8SzANyeyG3SMZ1HZA8Gu6bUd0I=,Hk3RzmG7IhULQf4jCPom4NOeqYg=
-189,-29,p8SzANyeyG3SMZ1HZA8Gu6bUd0I=,Hk3RzmG7IhULQf4jCPom4NOeqYg=
-192,-19,p8SzANyeyG3SMZ1HZA8Gu6bUd0I=,Hk3RzmG7IhULQf4jCPom4NOeqYg=
-192,-31,p8SzANyeyG3SMZ1HZA8Gu6bUd0I=,Hk3RzmG7IhULQf4jCPom4NOeqYg=
-192,-32,p8SzANyeyG3SMZ1HZA8Gu6bUd0I=,Hk3RzmG7IhULQf4jCPom4NOeqYg=
-192,-29,p8SzANyeyG3SMZ1HZA8Gu6bUd0I=,Hk3RzmG7IhULQf4jCPom4NOeqYg=
-192,-28,p8SzANyeyG3SMZ1HZA8Gu6bUd0I=,Hk3RzmG7IhULQf4jCPom4NOeqYg=
-192,-22,p8SzANyeyG3SMZ1HZA8Gu6bUd0I=,Hk3RzmG7IhULQf4jCPom4NOeqYg=
-192,-30,p8SzANyeyG3SMZ1HZA8Gu6bUd0I=,Hk3RzmG7IhULQf4jCPom4NOeqYg=
-192,-27,p8SzANyeyG3SMZ1HZA8Gu6bUd0I=,Hk3RzmG7IhULQf4jCPom4NOeqYg=
-192,-24,p8SzANyeyG3SMZ1HZA8Gu6bUd0I=,Hk3RzmG7IhULQf4jCPom4NOeqYg=
-192,-23,p8SzANyeyG3SMZ1HZA8Gu6bUd0I=,Hk3RzmG7IhULQf4jCPom4NOeqYg=
-192,-25,p8SzANyeyG3SMZ1HZA8Gu6bUd0I=,Hk3RzmG7IhULQf4jCPom4NOeqYg=
-192,-26,p8SzANyeyG3SMZ1HZA8Gu6bUd0I=,Hk3RzmG7IhULQf4jCPom4NOeqYg=
-177,-17,p8SzANyeyG3SMZ1HZA8Gu6bUd0I=,Hk3RzmG7IhULQf4jCPom4NOeqYg=
-180,-17,p8SzANyeyG3SMZ1HZA8Gu6bUd0I=,Hk3RzmG7IhULQf4jCPom4NOeqYg=
-179,-17,p8SzANyeyG3SMZ1HZA8Gu6bUd0I=,Hk3RzmG7IhULQf4jCPom4NOeqYg=
-183,-17,p8SzANyeyG3SMZ1HZA8Gu6bUd0I=,Hk3RzmG7IhULQf4jCPom4NOeqYg=
-178,-17,p8SzANyeyG3SMZ1HZA8Gu6bUd0I=,Hk3RzmG7IhULQf4jCPom4NOeqYg=
-182,-17,p8SzANyeyG3SMZ1HZA8Gu6bUd0I=,Hk3RzmG7IhULQf4jCPom4NOeqYg=
-181,-17,p8SzANyeyG3SMZ1HZA8Gu6bUd0I=,Hk3RzmG7IhULQf4jCPom4NOeqYg=
-184,-17,p8SzANyeyG3SMZ1HZA8Gu6bUd0I=,Hk3RzmG7IhULQf4jCPom4NOeqYg=
-187,-17,p8SzANyeyG3SMZ1HZA8Gu6bUd0I=,Hk3RzmG7IhULQf4jCPom4NOeqYg=
-188,-17,p8SzANyeyG3SMZ1HZA8Gu6bUd0I=,Hk3RzmG7IhULQf4jCPom4NOeqYg=
-189,-17,p8SzANyeyG3SMZ1HZA8Gu6bUd0I=,Hk3RzmG7IhULQf4jCPom4NOeqYg=
-191,-18,p8SzANyeyG3SMZ1HZA8Gu6bUd0I=,Hk3RzmG7IhULQf4jCPom4NOeqYg=
-185,-17,p8SzANyeyG3SMZ1HZA8Gu6bUd0I=,Hk3RzmG7IhULQf4jCPom4NOeqYg=
-190,-17,p8SzANyeyG3SMZ1HZA8Gu6bUd0I=,Hk3RzmG7IhULQf4jCPom4NOeqYg=
-191,-19,p8SzANyeyG3SMZ1HZA8Gu6bUd0I=,Hk3RzmG7IhULQf4jCPom4NOeqYg=
-192,-17,p8SzANyeyG3SMZ1HZA8Gu6bUd0I=,Hk3RzmG7IhULQf4jCPom4NOeqYg=
-192,-18,p8SzANyeyG3SMZ1HZA8Gu6bUd0I=,Hk3RzmG7IhULQf4jCPom4NOeqYg=
-192,-21,p8SzANyeyG3SMZ1HZA8Gu6bUd0I=,Hk3RzmG7IhULQf4jCPom4NOeqYg=
-191,-17,p8SzANyeyG3SMZ1HZA8Gu6bUd0I=,Hk3RzmG7IhULQf4jCPom4NOeqYg=
-192,-20,p8SzANyeyG3SMZ1HZA8Gu6bUd0I=,Hk3RzmG7IhULQf4jCPom4NOeqYg=
-186,-17,p8SzANyeyG3SMZ1HZA8Gu6bUd0I=,Hk3RzmG7IhULQf4jCPom4NOeqYg=
-188,-13,p8SzANyeyG3SMZ1HZA8Gu6bUd0I=,zFoSKB771tNzEqkj9LTaXQyWhm4=
-190,-13,p8SzANyeyG3SMZ1HZA8Gu6bUd0I=,zFoSKB771tNzEqkj9LTaXQyWhm4=
-177,-1,p8SzANyeyG3SMZ1HZA8Gu6bUd0I=,zFoSKB771tNzEqkj9LTaXQyWhm4=
-178,-1,p8SzANyeyG3SMZ1HZA8Gu6bUd0I=,zFoSKB771tNzEqkj9LTaXQyWhm4=
-179,-1,p8SzANyeyG3SMZ1HZA8Gu6bUd0I=,zFoSKB771tNzEqkj9LTaXQyWhm4=
-181,-1,p8SzANyeyG3SMZ1HZA8Gu6bUd0I=,zFoSKB771tNzEqkj9LTaXQyWhm4=
-180,-1,p8SzANyeyG3SMZ1HZA8Gu6bUd0I=,zFoSKB771tNzEqkj9LTaXQyWhm4=
-182,-1,p8SzANyeyG3SMZ1HZA8Gu6bUd0I=,zFoSKB771tNzEqkj9LTaXQyWhm4=
-183,-1,p8SzANyeyG3SMZ1HZA8Gu6bUd0I=,zFoSKB771tNzEqkj9LTaXQyWhm4=
-184,-1,p8SzANyeyG3SMZ1HZA8Gu6bUd0I=,zFoSKB771tNzEqkj9LTaXQyWhm4=
-185,-1,p8SzANyeyG3SMZ1HZA8Gu6bUd0I=,zFoSKB771tNzEqkj9LTaXQyWhm4=
-186,-1,p8SzANyeyG3SMZ1HZA8Gu6bUd0I=,zFoSKB771tNzEqkj9LTaXQyWhm4=
-187,-1,p8SzANyeyG3SMZ1HZA8Gu6bUd0I=,zFoSKB771tNzEqkj9LTaXQyWhm4=
-188,-1,p8SzANyeyG3SMZ1HZA8Gu6bUd0I=,zFoSKB771tNzEqkj9LTaXQyWhm4=
-189,-1,p8SzANyeyG3SMZ1HZA8Gu6bUd0I=,zFoSKB771tNzEqkj9LTaXQyWhm4=
-190,-1,p8SzANyeyG3SMZ1HZA8Gu6bUd0I=,zFoSKB771tNzEqkj9LTaXQyWhm4=
-191,-1,p8SzANyeyG3SMZ1HZA8Gu6bUd0I=,zFoSKB771tNzEqkj9LTaXQyWhm4=
-191,-13,p8SzANyeyG3SMZ1HZA8Gu6bUd0I=,zFoSKB771tNzEqkj9LTaXQyWhm4=
-192,-1,p8SzANyeyG3SMZ1HZA8Gu6bUd0I=,zFoSKB771tNzEqkj9LTaXQyWhm4=
-177,-2,p8SzANyeyG3SMZ1HZA8Gu6bUd0I=,zFoSKB771tNzEqkj9LTaXQyWhm4=
-185,-13,p8SzANyeyG3SMZ1HZA8Gu6bUd0I=,zFoSKB771tNzEqkj9LTaXQyWhm4=
-178,-2,p8SzANyeyG3SMZ1HZA8Gu6bUd0I=,zFoSKB771tNzEqkj9LTaXQyWhm4=
-179,-2,p8SzANyeyG3SMZ1HZA8Gu6bUd0I=,zFoSKB771tNzEqkj9LTaXQyWhm4=
-180,-2,p8SzANyeyG3SMZ1HZA8Gu6bUd0I=,zFoSKB771tNzEqkj9LTaXQyWhm4=
-181,-2,p8SzANyeyG3SMZ1HZA8Gu6bUd0I=,zFoSKB771tNzEqkj9LTaXQyWhm4=
-182,-2,p8SzANyeyG3SMZ1HZA8Gu6bUd0I=,zFoSKB771tNzEqkj9LTaXQyWhm4=
-183,-2,p8SzANyeyG3SMZ1HZA8Gu6bUd0I=,zFoSKB771tNzEqkj9LTaXQyWhm4=
-184,-2,p8SzANyeyG3SMZ1HZA8Gu6bUd0I=,zFoSKB771tNzEqkj9LTaXQyWhm4=
-185,-2,p8SzANyeyG3SMZ1HZA8Gu6bUd0I=,zFoSKB771tNzEqkj9LTaXQyWhm4=
-186,-2,p8SzANyeyG3SMZ1HZA8Gu6bUd0I=,zFoSKB771tNzEqkj9LTaXQyWhm4=
-187,-2,p8SzANyeyG3SMZ1HZA8Gu6bUd0I=,zFoSKB771tNzEqkj9LTaXQyWhm4=
-189,-2,p8SzANyeyG3SMZ1HZA8Gu6bUd0I=,zFoSKB771tNzEqkj9LTaXQyWhm4=
-188,-2,p8SzANyeyG3SMZ1HZA8Gu6bUd0I=,zFoSKB771tNzEqkj9LTaXQyWhm4=
-190,-2,p8SzANyeyG3SMZ1HZA8Gu6bUd0I=,zFoSKB771tNzEqkj9LTaXQyWhm4=
-191,-2,p8SzANyeyG3SMZ1HZA8Gu6bUd0I=,zFoSKB771tNzEqkj9LTaXQyWhm4=
-192,-2,p8SzANyeyG3SMZ1HZA8Gu6bUd0I=,zFoSKB771tNzEqkj9LTaXQyWhm4=
-177,-3,p8SzANyeyG3SMZ1HZA8Gu6bUd0I=,zFoSKB771tNzEqkj9LTaXQyWhm4=
-187,-16,p8SzANyeyG3SMZ1HZA8Gu6bUd0I=,zFoSKB771tNzEqkj9LTaXQyWhm4=
-187,-15,p8SzANyeyG3SMZ1HZA8Gu6bUd0I=,zFoSKB771tNzEqkj9LTaXQyWhm4=
-178,-3,p8SzANyeyG3SMZ1HZA8Gu6bUd0I=,zFoSKB771tNzEqkj9LTaXQyWhm4=
-179,-3,p8SzANyeyG3SMZ1HZA8Gu6bUd0I=,zFoSKB771tNzEqkj9LTaXQyWhm4=
-180,-3,p8SzANyeyG3SMZ1HZA8Gu6bUd0I=,zFoSKB771tNzEqkj9LTaXQyWhm4=
-181,-3,p8SzANyeyG3SMZ1HZA8Gu6bUd0I=,zFoSKB771tNzEqkj9LTaXQyWhm4=
-183,-3,p8SzANyeyG3SMZ1HZA8Gu6bUd0I=,zFoSKB771tNzEqkj9LTaXQyWhm4=
-184,-3,p8SzANyeyG3SMZ1HZA8Gu6bUd0I=,zFoSKB771tNzEqkj9LTaXQyWhm4=
-185,-3,p8SzANyeyG3SMZ1HZA8Gu6bUd0I=,zFoSKB771tNzEqkj9LTaXQyWhm4=
-186,-3,p8SzANyeyG3SMZ1HZA8Gu6bUd0I=,zFoSKB771tNzEqkj9LTaXQyWhm4=
-187,-3,p8SzANyeyG3SMZ1HZA8Gu6bUd0I=,zFoSKB771tNzEqkj9LTaXQyWhm4=
-182,-3,p8SzANyeyG3SMZ1HZA8Gu6bUd0I=,zFoSKB771tNzEqkj9LTaXQyWhm4=
-188,-3,p8SzANyeyG3SMZ1HZA8Gu6bUd0I=,zFoSKB771tNzEqkj9LTaXQyWhm4=
-189,-3,p8SzANyeyG3SMZ1HZA8Gu6bUd0I=,zFoSKB771tNzEqkj9LTaXQyWhm4=
-190,-3,p8SzANyeyG3SMZ1HZA8Gu6bUd0I=,zFoSKB771tNzEqkj9LTaXQyWhm4=
-191,-3,p8SzANyeyG3SMZ1HZA8Gu6bUd0I=,zFoSKB771tNzEqkj9LTaXQyWhm4=
-177,-4,p8SzANyeyG3SMZ1HZA8Gu6bUd0I=,zFoSKB771tNzEqkj9LTaXQyWhm4=
-188,-16,p8SzANyeyG3SMZ1HZA8Gu6bUd0I=,zFoSKB771tNzEqkj9LTaXQyWhm4=
-192,-3,p8SzANyeyG3SMZ1HZA8Gu6bUd0I=,zFoSKB771tNzEqkj9LTaXQyWhm4=
-184,-13,p8SzANyeyG3SMZ1HZA8Gu6bUd0I=,zFoSKB771tNzEqkj9LTaXQyWhm4=
-186,-14,p8SzANyeyG3SMZ1HZA8Gu6bUd0I=,zFoSKB771tNzEqkj9LTaXQyWhm4=
-178,-4,p8SzANyeyG3SMZ1HZA8Gu6bUd0I=,zFoSKB771tNzEqkj9LTaXQyWhm4=
-180,-4,p8SzANyeyG3SMZ1HZA8Gu6bUd0I=,zFoSKB771tNzEqkj9LTaXQyWhm4=
-179,-4,p8SzANyeyG3SMZ1HZA8Gu6bUd0I=,zFoSKB771tNzEqkj9LTaXQyWhm4=
-181,-4,p8SzANyeyG3SMZ1HZA8Gu6bUd0I=,zFoSKB771tNzEqkj9LTaXQyWhm4=
-182,-4,p8SzANyeyG3SMZ1HZA8Gu6bUd0I=,zFoSKB771tNzEqkj9LTaXQyWhm4=
-184,-4,p8SzANyeyG3SMZ1HZA8Gu6bUd0I=,zFoSKB771tNzEqkj9LTaXQyWhm4=
-185,-4,p8SzANyeyG3SMZ1HZA8Gu6bUd0I=,zFoSKB771tNzEqkj9LTaXQyWhm4=
-187,-4,p8SzANyeyG3SMZ1HZA8Gu6bUd0I=,zFoSKB771tNzEqkj9LTaXQyWhm4=
-183,-4,p8SzANyeyG3SMZ1HZA8Gu6bUd0I=,zFoSKB771tNzEqkj9LTaXQyWhm4=
-188,-4,p8SzANyeyG3SMZ1HZA8Gu6bUd0I=,zFoSKB771tNzEqkj9LTaXQyWhm4=
-186,-4,p8SzANyeyG3SMZ1HZA8Gu6bUd0I=,zFoSKB771tNzEqkj9LTaXQyWhm4=
-189,-4,p8SzANyeyG3SMZ1HZA8Gu6bUd0I=,zFoSKB771tNzEqkj9LTaXQyWhm4=
-190,-4,p8SzANyeyG3SMZ1HZA8Gu6bUd0I=,zFoSKB771tNzEqkj9LTaXQyWhm4=
-189,-16,p8SzANyeyG3SMZ1HZA8Gu6bUd0I=,zFoSKB771tNzEqkj9LTaXQyWhm4=
-192,-4,p8SzANyeyG3SMZ1HZA8Gu6bUd0I=,zFoSKB771tNzEqkj9LTaXQyWhm4=
-191,-4,p8SzANyeyG3SMZ1HZA8Gu6bUd0I=,zFoSKB771tNzEqkj9LTaXQyWhm4=
-191,-16,p8SzANyeyG3SMZ1HZA8Gu6bUd0I=,zFoSKB771tNzEqkj9LTaXQyWhm4=
-191,-14,p8SzANyeyG3SMZ1HZA8Gu6bUd0I=,zFoSKB771tNzEqkj9LTaXQyWhm4=
-192,-13,p8SzANyeyG3SMZ1HZA8Gu6bUd0I=,zFoSKB771tNzEqkj9LTaXQyWhm4=
-177,-16,p8SzANyeyG3SMZ1HZA8Gu6bUd0I=,zFoSKB771tNzEqkj9LTaXQyWhm4=
-178,-16,p8SzANyeyG3SMZ1HZA8Gu6bUd0I=,zFoSKB771tNzEqkj9LTaXQyWhm4=
-192,-14,p8SzANyeyG3SMZ1HZA8Gu6bUd0I=,zFoSKB771tNzEqkj9LTaXQyWhm4=
-190,-14,p8SzANyeyG3SMZ1HZA8Gu6bUd0I=,zFoSKB771tNzEqkj9LTaXQyWhm4=
-178,-15,p8SzANyeyG3SMZ1HZA8Gu6bUd0I=,zFoSKB771tNzEqkj9LTaXQyWhm4=
-177,-15,p8SzANyeyG3SMZ1HZA8Gu6bUd0I=,zFoSKB771tNzEqkj9LTaXQyWhm4=
-177,-14,p8SzANyeyG3SMZ1HZA8Gu6bUd0I=,zFoSKB771tNzEqkj9LTaXQyWhm4=
-179,-5,p8SzANyeyG3SMZ1HZA8Gu6bUd0I=,zFoSKB771tNzEqkj9LTaXQyWhm4=
-178,-5,p8SzANyeyG3SMZ1HZA8Gu6bUd0I=,zFoSKB771tNzEqkj9LTaXQyWhm4=
-180,-5,p8SzANyeyG3SMZ1HZA8Gu6bUd0I=,zFoSKB771tNzEqkj9LTaXQyWhm4=
-192,-15,p8SzANyeyG3SMZ1HZA8Gu6bUd0I=,zFoSKB771tNzEqkj9LTaXQyWhm4=
-182,-5,p8SzANyeyG3SMZ1HZA8Gu6bUd0I=,zFoSKB771tNzEqkj9LTaXQyWhm4=
-183,-5,p8SzANyeyG3SMZ1HZA8Gu6bUd0I=,zFoSKB771tNzEqkj9LTaXQyWhm4=
-184,-5,p8SzANyeyG3SMZ1HZA8Gu6bUd0I=,zFoSKB771tNzEqkj9LTaXQyWhm4=
-187,-5,p8SzANyeyG3SMZ1HZA8Gu6bUd0I=,zFoSKB771tNzEqkj9LTaXQyWhm4=
-186,-5,p8SzANyeyG3SMZ1HZA8Gu6bUd0I=,zFoSKB771tNzEqkj9LTaXQyWhm4=
-185,-5,p8SzANyeyG3SMZ1HZA8Gu6bUd0I=,zFoSKB771tNzEqkj9LTaXQyWhm4=
-181,-5,p8SzANyeyG3SMZ1HZA8Gu6bUd0I=,zFoSKB771tNzEqkj9LTaXQyWhm4=
-188,-5,p8SzANyeyG3SMZ1HZA8Gu6bUd0I=,zFoSKB771tNzEqkj9LTaXQyWhm4=
-189,-5,p8SzANyeyG3SMZ1HZA8Gu6bUd0I=,zFoSKB771tNzEqkj9LTaXQyWhm4=
-190,-5,p8SzANyeyG3SMZ1HZA8Gu6bUd0I=,zFoSKB771tNzEqkj9LTaXQyWhm4=
-191,-5,p8SzANyeyG3SMZ1HZA8Gu6bUd0I=,zFoSKB771tNzEqkj9LTaXQyWhm4=
-192,-5,p8SzANyeyG3SMZ1HZA8Gu6bUd0I=,zFoSKB771tNzEqkj9LTaXQyWhm4=
-178,-14,p8SzANyeyG3SMZ1HZA8Gu6bUd0I=,zFoSKB771tNzEqkj9LTaXQyWhm4=
-179,-16,p8SzANyeyG3SMZ1HZA8Gu6bUd0I=,zFoSKB771tNzEqkj9LTaXQyWhm4=
-179,-15,p8SzANyeyG3SMZ1HZA8Gu6bUd0I=,zFoSKB771tNzEqkj9LTaXQyWhm4=
-178,-6,p8SzANyeyG3SMZ1HZA8Gu6bUd0I=,zFoSKB771tNzEqkj9LTaXQyWhm4=
-179,-6,p8SzANyeyG3SMZ1HZA8Gu6bUd0I=,zFoSKB771tNzEqkj9LTaXQyWhm4=
-180,-6,p8SzANyeyG3SMZ1HZA8Gu6bUd0I=,zFoSKB771tNzEqkj9LTaXQyWhm4=
-181,-6,p8SzANyeyG3SMZ1HZA8Gu6bUd0I=,zFoSKB771tNzEqkj9LTaXQyWhm4=
-182,-6,p8SzANyeyG3SMZ1HZA8Gu6bUd0I=,zFoSKB771tNzEqkj9LTaXQyWhm4=
-183,-6,p8SzANyeyG3SMZ1HZA8Gu6bUd0I=,zFoSKB771tNzEqkj9LTaXQyWhm4=
-184,-6,p8SzANyeyG3SMZ1HZA8Gu6bUd0I=,zFoSKB771tNzEqkj9LTaXQyWhm4=
-185,-6,p8SzANyeyG3SMZ1HZA8Gu6bUd0I=,zFoSKB771tNzEqkj9LTaXQyWhm4=
-186,-6,p8SzANyeyG3SMZ1HZA8Gu6bUd0I=,zFoSKB771tNzEqkj9LTaXQyWhm4=
-187,-6,p8SzANyeyG3SMZ1HZA8Gu6bUd0I=,zFoSKB771tNzEqkj9LTaXQyWhm4=
-189,-6,p8SzANyeyG3SMZ1HZA8Gu6bUd0I=,zFoSKB771tNzEqkj9LTaXQyWhm4=
-188,-6,p8SzANyeyG3SMZ1HZA8Gu6bUd0I=,zFoSKB771tNzEqkj9LTaXQyWhm4=
-191,-6,p8SzANyeyG3SMZ1HZA8Gu6bUd0I=,zFoSKB771tNzEqkj9LTaXQyWhm4=
-180,-16,p8SzANyeyG3SMZ1HZA8Gu6bUd0I=,zFoSKB771tNzEqkj9LTaXQyWhm4=
-190,-6,p8SzANyeyG3SMZ1HZA8Gu6bUd0I=,zFoSKB771tNzEqkj9LTaXQyWhm4=
-180,-15,p8SzANyeyG3SMZ1HZA8Gu6bUd0I=,zFoSKB771tNzEqkj9LTaXQyWhm4=
-190,-16,p8SzANyeyG3SMZ1HZA8Gu6bUd0I=,zFoSKB771tNzEqkj9LTaXQyWhm4=
-192,-6,p8SzANyeyG3SMZ1HZA8Gu6bUd0I=,zFoSKB771tNzEqkj9LTaXQyWhm4=
-179,-7,p8SzANyeyG3SMZ1HZA8Gu6bUd0I=,zFoSKB771tNzEqkj9LTaXQyWhm4=
-179,-14,p8SzANyeyG3SMZ1HZA8Gu6bUd0I=,zFoSKB771tNzEqkj9LTaXQyWhm4=
-177,-5,p8SzANyeyG3SMZ1HZA8Gu6bUd0I=,zFoSKB771tNzEqkj9LTaXQyWhm4=
-180,-7,p8SzANyeyG3SMZ1HZA8Gu6bUd0I=,zFoSKB771tNzEqkj9LTaXQyWhm4=
-181,-7,p8SzANyeyG3SMZ1HZA8Gu6bUd0I=,zFoSKB771tNzEqkj9LTaXQyWhm4=
-182,-7,p8SzANyeyG3SMZ1HZA8Gu6bUd0I=,zFoSKB771tNzEqkj9LTaXQyWhm4=
-183,-7,p8SzANyeyG3SMZ1HZA8Gu6bUd0I=,zFoSKB771tNzEqkj9LTaXQyWhm4=
-184,-7,p8SzANyeyG3SMZ1HZA8Gu6bUd0I=,zFoSKB771tNzEqkj9LTaXQyWhm4=
-186,-7,p8SzANyeyG3SMZ1HZA8Gu6bUd0I=,zFoSKB771tNzEqkj9LTaXQyWhm4=
-185,-7,p8SzANyeyG3SMZ1HZA8Gu6bUd0I=,zFoSKB771tNzEqkj9LTaXQyWhm4=
-188,-7,p8SzANyeyG3SMZ1HZA8Gu6bUd0I=,zFoSKB771tNzEqkj9LTaXQyWhm4=
-189,-7,p8SzANyeyG3SMZ1HZA8Gu6bUd0I=,zFoSKB771tNzEqkj9LTaXQyWhm4=
-187,-7,p8SzANyeyG3SMZ1HZA8Gu6bUd0I=,zFoSKB771tNzEqkj9LTaXQyWhm4=
-191,-7,p8SzANyeyG3SMZ1HZA8Gu6bUd0I=,zFoSKB771tNzEqkj9LTaXQyWhm4=
-190,-7,p8SzANyeyG3SMZ1HZA8Gu6bUd0I=,zFoSKB771tNzEqkj9LTaXQyWhm4=
-181,-16,p8SzANyeyG3SMZ1HZA8Gu6bUd0I=,zFoSKB771tNzEqkj9LTaXQyWhm4=
-192,-7,p8SzANyeyG3SMZ1HZA8Gu6bUd0I=,zFoSKB771tNzEqkj9LTaXQyWhm4=
-181,-15,p8SzANyeyG3SMZ1HZA8Gu6bUd0I=,zFoSKB771tNzEqkj9LTaXQyWhm4=
-188,-14,p8SzANyeyG3SMZ1HZA8Gu6bUd0I=,zFoSKB771tNzEqkj9LTaXQyWhm4=
-180,-14,p8SzANyeyG3SMZ1HZA8Gu6bUd0I=,zFoSKB771tNzEqkj9LTaXQyWhm4=
-179,-8,p8SzANyeyG3SMZ1HZA8Gu6bUd0I=,zFoSKB771tNzEqkj9LTaXQyWhm4=
-191,-15,p8SzANyeyG3SMZ1HZA8Gu6bUd0I=,zFoSKB771tNzEqkj9LTaXQyWhm4=
-186,-13,p8SzANyeyG3SMZ1HZA8Gu6bUd0I=,zFoSKB771tNzEqkj9LTaXQyWhm4=
-181,-8,p8SzANyeyG3SMZ1HZA8Gu6bUd0I=,zFoSKB771tNzEqkj9LTaXQyWhm4=
-183,-8,p8SzANyeyG3SMZ1HZA8Gu6bUd0I=,zFoSKB771tNzEqkj9LTaXQyWhm4=
-182,-8,p8SzANyeyG3SMZ1HZA8Gu6bUd0I=,zFoSKB771tNzEqkj9LTaXQyWhm4=
-184,-8,p8SzANyeyG3SMZ1HZA8Gu6bUd0I=,zFoSKB771tNzEqkj9LTaXQyWhm4=
-185,-8,p8SzANyeyG3SMZ1HZA8Gu6bUd0I=,zFoSKB771tNzEqkj9LTaXQyWhm4=
-186,-8,p8SzANyeyG3SMZ1HZA8Gu6bUd0I=,zFoSKB771tNzEqkj9LTaXQyWhm4=
-187,-8,p8SzANyeyG3SMZ1HZA8Gu6bUd0I=,zFoSKB771tNzEqkj9LTaXQyWhm4=
-189,-8,p8SzANyeyG3SMZ1HZA8Gu6bUd0I=,zFoSKB771tNzEqkj9LTaXQyWhm4=
-188,-8,p8SzANyeyG3SMZ1HZA8Gu6bUd0I=,zFoSKB771tNzEqkj9LTaXQyWhm4=
-191,-8,p8SzANyeyG3SMZ1HZA8Gu6bUd0I=,zFoSKB771tNzEqkj9LTaXQyWhm4=
-190,-8,p8SzANyeyG3SMZ1HZA8Gu6bUd0I=,zFoSKB771tNzEqkj9LTaXQyWhm4=
-182,-16,p8SzANyeyG3SMZ1HZA8Gu6bUd0I=,zFoSKB771tNzEqkj9LTaXQyWhm4=
-192,-8,p8SzANyeyG3SMZ1HZA8Gu6bUd0I=,zFoSKB771tNzEqkj9LTaXQyWhm4=
-181,-14,p8SzANyeyG3SMZ1HZA8Gu6bUd0I=,zFoSKB771tNzEqkj9LTaXQyWhm4=
-182,-15,p8SzANyeyG3SMZ1HZA8Gu6bUd0I=,zFoSKB771tNzEqkj9LTaXQyWhm4=
-190,-15,p8SzANyeyG3SMZ1HZA8Gu6bUd0I=,zFoSKB771tNzEqkj9LTaXQyWhm4=
-180,-8,p8SzANyeyG3SMZ1HZA8Gu6bUd0I=,zFoSKB771tNzEqkj9LTaXQyWhm4=
-177,-6,p8SzANyeyG3SMZ1HZA8Gu6bUd0I=,zFoSKB771tNzEqkj9LTaXQyWhm4=
-183,-13,p8SzANyeyG3SMZ1HZA8Gu6bUd0I=,zFoSKB771tNzEqkj9LTaXQyWhm4=
-189,-13,p8SzANyeyG3SMZ1HZA8Gu6bUd0I=,zFoSKB771tNzEqkj9LTaXQyWhm4=
-178,-7,p8SzANyeyG3SMZ1HZA8Gu6bUd0I=,zFoSKB771tNzEqkj9LTaXQyWhm4=
-183,-9,p8SzANyeyG3SMZ1HZA8Gu6bUd0I=,zFoSKB771tNzEqkj9LTaXQyWhm4=
-184,-9,p8SzANyeyG3SMZ1HZA8Gu6bUd0I=,zFoSKB771tNzEqkj9LTaXQyWhm4=
-185,-9,p8SzANyeyG3SMZ1HZA8Gu6bUd0I=,zFoSKB771tNzEqkj9LTaXQyWhm4=
-186,-9,p8SzANyeyG3SMZ1HZA8Gu6bUd0I=,zFoSKB771tNzEqkj9LTaXQyWhm4=
-187,-9,p8SzANyeyG3SMZ1HZA8Gu6bUd0I=,zFoSKB771tNzEqkj9LTaXQyWhm4=
-189,-9,p8SzANyeyG3SMZ1HZA8Gu6bUd0I=,zFoSKB771tNzEqkj9LTaXQyWhm4=
-190,-9,p8SzANyeyG3SMZ1HZA8Gu6bUd0I=,zFoSKB771tNzEqkj9LTaXQyWhm4=
-191,-9,p8SzANyeyG3SMZ1HZA8Gu6bUd0I=,zFoSKB771tNzEqkj9LTaXQyWhm4=
-188,-9,p8SzANyeyG3SMZ1HZA8Gu6bUd0I=,zFoSKB771tNzEqkj9LTaXQyWhm4=
-177,-9,p8SzANyeyG3SMZ1HZA8Gu6bUd0I=,zFoSKB771tNzEqkj9LTaXQyWhm4=
-183,-16,p8SzANyeyG3SMZ1HZA8Gu6bUd0I=,zFoSKB771tNzEqkj9LTaXQyWhm4=
-192,-9,p8SzANyeyG3SMZ1HZA8Gu6bUd0I=,zFoSKB771tNzEqkj9LTaXQyWhm4=
-181,-9,p8SzANyeyG3SMZ1HZA8Gu6bUd0I=,zFoSKB771tNzEqkj9LTaXQyWhm4=
-183,-15,p8SzANyeyG3SMZ1HZA8Gu6bUd0I=,zFoSKB771tNzEqkj9LTaXQyWhm4=
-182,-13,p8SzANyeyG3SMZ1HZA8Gu6bUd0I=,zFoSKB771tNzEqkj9LTaXQyWhm4=
-177,-7,p8SzANyeyG3SMZ1HZA8Gu6bUd0I=,zFoSKB771tNzEqkj9LTaXQyWhm4=
-177,-8,p8SzANyeyG3SMZ1HZA8Gu6bUd0I=,zFoSKB771tNzEqkj9LTaXQyWhm4=
-182,-9,p8SzANyeyG3SMZ1HZA8Gu6bUd0I=,zFoSKB771tNzEqkj9LTaXQyWhm4=
-188,-15,p8SzANyeyG3SMZ1HZA8Gu6bUd0I=,zFoSKB771tNzEqkj9LTaXQyWhm4=
-178,-9,p8SzANyeyG3SMZ1HZA8Gu6bUd0I=,zFoSKB771tNzEqkj9LTaXQyWhm4=
-177,-10,p8SzANyeyG3SMZ1HZA8Gu6bUd0I=,zFoSKB771tNzEqkj9LTaXQyWhm4=
-186,-10,p8SzANyeyG3SMZ1HZA8Gu6bUd0I=,zFoSKB771tNzEqkj9LTaXQyWhm4=
-185,-10,p8SzANyeyG3SMZ1HZA8Gu6bUd0I=,zFoSKB771tNzEqkj9LTaXQyWhm4=
-187,-10,p8SzANyeyG3SMZ1HZA8Gu6bUd0I=,zFoSKB771tNzEqkj9LTaXQyWhm4=
-178,-8,p8SzANyeyG3SMZ1HZA8Gu6bUd0I=,zFoSKB771tNzEqkj9LTaXQyWhm4=
-189,-10,p8SzANyeyG3SMZ1HZA8Gu6bUd0I=,zFoSKB771tNzEqkj9LTaXQyWhm4=
-188,-10,p8SzANyeyG3SMZ1HZA8Gu6bUd0I=,zFoSKB771tNzEqkj9LTaXQyWhm4=
-190,-10,p8SzANyeyG3SMZ1HZA8Gu6bUd0I=,zFoSKB771tNzEqkj9LTaXQyWhm4=
-191,-10,p8SzANyeyG3SMZ1HZA8Gu6bUd0I=,zFoSKB771tNzEqkj9LTaXQyWhm4=
-181,-13,p8SzANyeyG3SMZ1HZA8Gu6bUd0I=,zFoSKB771tNzEqkj9LTaXQyWhm4=
-179,-9,p8SzANyeyG3SMZ1HZA8Gu6bUd0I=,zFoSKB771tNzEqkj9LTaXQyWhm4=
-192,-10,p8SzANyeyG3SMZ1HZA8Gu6bUd0I=,zFoSKB771tNzEqkj9LTaXQyWhm4=
-180,-9,p8SzANyeyG3SMZ1HZA8Gu6bUd0I=,zFoSKB771tNzEqkj9LTaXQyWhm4=
-182,-10,p8SzANyeyG3SMZ1HZA8Gu6bUd0I=,zFoSKB771tNzEqkj9LTaXQyWhm4=
-177,-11,p8SzANyeyG3SMZ1HZA8Gu6bUd0I=,zFoSKB771tNzEqkj9LTaXQyWhm4=
-178,-11,p8SzANyeyG3SMZ1HZA8Gu6bUd0I=,zFoSKB771tNzEqkj9LTaXQyWhm4=
-189,-14,p8SzANyeyG3SMZ1HZA8Gu6bUd0I=,zFoSKB771tNzEqkj9LTaXQyWhm4=
-184,-10,p8SzANyeyG3SMZ1HZA8Gu6bUd0I=,zFoSKB771tNzEqkj9LTaXQyWhm4=
-184,-16,p8SzANyeyG3SMZ1HZA8Gu6bUd0I=,zFoSKB771tNzEqkj9LTaXQyWhm4=
-187,-14,p8SzANyeyG3SMZ1HZA8Gu6bUd0I=,zFoSKB771tNzEqkj9LTaXQyWhm4=
-186,-11,p8SzANyeyG3SMZ1HZA8Gu6bUd0I=,zFoSKB771tNzEqkj9LTaXQyWhm4=
-178,-10,p8SzANyeyG3SMZ1HZA8Gu6bUd0I=,zFoSKB771tNzEqkj9LTaXQyWhm4=
-185,-11,p8SzANyeyG3SMZ1HZA8Gu6bUd0I=,zFoSKB771tNzEqkj9LTaXQyWhm4=
-188,-11,p8SzANyeyG3SMZ1HZA8Gu6bUd0I=,zFoSKB771tNzEqkj9LTaXQyWhm4=
-187,-11,p8SzANyeyG3SMZ1HZA8Gu6bUd0I=,zFoSKB771tNzEqkj9LTaXQyWhm4=
-189,-11,p8SzANyeyG3SMZ1HZA8Gu6bUd0I=,zFoSKB771tNzEqkj9LTaXQyWhm4=
-190,-11,p8SzANyeyG3SMZ1HZA8Gu6bUd0I=,zFoSKB771tNzEqkj9LTaXQyWhm4=
-191,-11,p8SzANyeyG3SMZ1HZA8Gu6bUd0I=,zFoSKB771tNzEqkj9LTaXQyWhm4=
-182,-14,p8SzANyeyG3SMZ1HZA8Gu6bUd0I=,zFoSKB771tNzEqkj9LTaXQyWhm4=
-183,-10,p8SzANyeyG3SMZ1HZA8Gu6bUd0I=,zFoSKB771tNzEqkj9LTaXQyWhm4=
-192,-11,p8SzANyeyG3SMZ1HZA8Gu6bUd0I=,zFoSKB771tNzEqkj9LTaXQyWhm4=
-177,-12,p8SzANyeyG3SMZ1HZA8Gu6bUd0I=,zFoSKB771tNzEqkj9LTaXQyWhm4=
-178,-12,p8SzANyeyG3SMZ1HZA8Gu6bUd0I=,zFoSKB771tNzEqkj9LTaXQyWhm4=
-179,-10,p8SzANyeyG3SMZ1HZA8Gu6bUd0I=,zFoSKB771tNzEqkj9LTaXQyWhm4=
-184,-15,p8SzANyeyG3SMZ1HZA8Gu6bUd0I=,zFoSKB771tNzEqkj9LTaXQyWhm4=
-180,-10,p8SzANyeyG3SMZ1HZA8Gu6bUd0I=,zFoSKB771tNzEqkj9LTaXQyWhm4=
-182,-11,p8SzANyeyG3SMZ1HZA8Gu6bUd0I=,zFoSKB771tNzEqkj9LTaXQyWhm4=
-182,-12,p8SzANyeyG3SMZ1HZA8Gu6bUd0I=,zFoSKB771tNzEqkj9LTaXQyWhm4=
-185,-16,p8SzANyeyG3SMZ1HZA8Gu6bUd0I=,zFoSKB771tNzEqkj9LTaXQyWhm4=
-184,-12,p8SzANyeyG3SMZ1HZA8Gu6bUd0I=,zFoSKB771tNzEqkj9LTaXQyWhm4=
-181,-10,p8SzANyeyG3SMZ1HZA8Gu6bUd0I=,zFoSKB771tNzEqkj9LTaXQyWhm4=
-187,-12,p8SzANyeyG3SMZ1HZA8Gu6bUd0I=,zFoSKB771tNzEqkj9LTaXQyWhm4=
-186,-12,p8SzANyeyG3SMZ1HZA8Gu6bUd0I=,zFoSKB771tNzEqkj9LTaXQyWhm4=
-189,-12,p8SzANyeyG3SMZ1HZA8Gu6bUd0I=,zFoSKB771tNzEqkj9LTaXQyWhm4=
-188,-12,p8SzANyeyG3SMZ1HZA8Gu6bUd0I=,zFoSKB771tNzEqkj9LTaXQyWhm4=
-191,-12,p8SzANyeyG3SMZ1HZA8Gu6bUd0I=,zFoSKB771tNzEqkj9LTaXQyWhm4=
-180,-12,p8SzANyeyG3SMZ1HZA8Gu6bUd0I=,zFoSKB771tNzEqkj9LTaXQyWhm4=
-179,-12,p8SzANyeyG3SMZ1HZA8Gu6bUd0I=,zFoSKB771tNzEqkj9LTaXQyWhm4=
-190,-12,p8SzANyeyG3SMZ1HZA8Gu6bUd0I=,zFoSKB771tNzEqkj9LTaXQyWhm4=
-177,-13,p8SzANyeyG3SMZ1HZA8Gu6bUd0I=,zFoSKB771tNzEqkj9LTaXQyWhm4=
-179,-11,p8SzANyeyG3SMZ1HZA8Gu6bUd0I=,zFoSKB771tNzEqkj9LTaXQyWhm4=
-192,-12,p8SzANyeyG3SMZ1HZA8Gu6bUd0I=,zFoSKB771tNzEqkj9LTaXQyWhm4=
-185,-12,p8SzANyeyG3SMZ1HZA8Gu6bUd0I=,zFoSKB771tNzEqkj9LTaXQyWhm4=
-179,-13,p8SzANyeyG3SMZ1HZA8Gu6bUd0I=,zFoSKB771tNzEqkj9LTaXQyWhm4=
-178,-13,p8SzANyeyG3SMZ1HZA8Gu6bUd0I=,zFoSKB771tNzEqkj9LTaXQyWhm4=
-181,-12,p8SzANyeyG3SMZ1HZA8Gu6bUd0I=,zFoSKB771tNzEqkj9LTaXQyWhm4=
-184,-11,p8SzANyeyG3SMZ1HZA8Gu6bUd0I=,zFoSKB771tNzEqkj9LTaXQyWhm4=
-180,-11,p8SzANyeyG3SMZ1HZA8Gu6bUd0I=,zFoSKB771tNzEqkj9LTaXQyWhm4=
-186,-16,p8SzANyeyG3SMZ1HZA8Gu6bUd0I=,zFoSKB771tNzEqkj9LTaXQyWhm4=
-185,-14,p8SzANyeyG3SMZ1HZA8Gu6bUd0I=,zFoSKB771tNzEqkj9LTaXQyWhm4=
-183,-14,p8SzANyeyG3SMZ1HZA8Gu6bUd0I=,zFoSKB771tNzEqkj9LTaXQyWhm4=
-189,-15,p8SzANyeyG3SMZ1HZA8Gu6bUd0I=,zFoSKB771tNzEqkj9LTaXQyWhm4=
-187,-13,p8SzANyeyG3SMZ1HZA8Gu6bUd0I=,zFoSKB771tNzEqkj9LTaXQyWhm4=
-184,-14,p8SzANyeyG3SMZ1HZA8Gu6bUd0I=,zFoSKB771tNzEqkj9LTaXQyWhm4=
-183,-11,p8SzANyeyG3SMZ1HZA8Gu6bUd0I=,zFoSKB771tNzEqkj9LTaXQyWhm4=
-183,-12,p8SzANyeyG3SMZ1HZA8Gu6bUd0I=,zFoSKB771tNzEqkj9LTaXQyWhm4=
-186,-15,p8SzANyeyG3SMZ1HZA8Gu6bUd0I=,zFoSKB771tNzEqkj9LTaXQyWhm4=
-192,-16,p8SzANyeyG3SMZ1HZA8Gu6bUd0I=,zFoSKB771tNzEqkj9LTaXQyWhm4=
-181,-11,p8SzANyeyG3SMZ1HZA8Gu6bUd0I=,zFoSKB771tNzEqkj9LTaXQyWhm4=
-180,-13,p8SzANyeyG3SMZ1HZA8Gu6bUd0I=,zFoSKB771tNzEqkj9LTaXQyWhm4=
-185,-15,p8SzANyeyG3SMZ1HZA8Gu6bUd0I=,zFoSKB771tNzEqkj9LTaXQyWhm4=
