-1,0,CC6ux0QV4pUkcMD2V+X4Mz0An2Y=,PuVt4QqTnOwRFWTzjUK0kNBmfOY=
-1,1,38LuzkLiGlz3a422BzcVSzT97c4=,BCfNv7Ll9XUBkkaU5apdnrA3CVU=
-2,0,CC6ux0QV4pUkcMD2V+X4Mz0An2Y=,PuVt4QqTnOwRFWTzjUK0kNBmfOY=
-1,3,68pxUc+S8FDWdS9SWJtkbzg8RQE=,jw51HxBz8dQMdV/kv2DnksnvPeI=
-1,2,n+6RGe/4lw4WfpC89tKOfqchaTQ=,AsZWA7G/BA1ggrrcMq8lQpFzU/E=
-3,1,v5ydyCwchleO/bQbMl0y2WAfGco=,fks2CXcmKrZoQGqXXvDurh+WNiY=
-3,0,JkVC0/TH3PT/rOb3CU3fTfkfsFc=,9uXT8wLry2KoNu3w9I08XaerM2Q=
-2,2,n+6RGe/4lw4WfpC89tKOfqchaTQ=,Tu6Y4GJdsP+h9RUchhl4Et6515M=
-2,1,38LuzkLiGlz3a422BzcVSzT97c4=,BCfNv7Ll9XUBkkaU5apdnrA3CVU=
-5,3,abX0a7j5WDj3yXkU640qsZvoYn8=,OaE2eV11FiPJKZiEMPvLvD94mGY=
-5,4,G/mvez4eRlDPWKfVKXYdX6PWabM=,9+7RDrzxPHjGfp2w7ROjppC9dxk=
-4,2,AMjX5WDGKtDIazmqYIV8wsRcyPY=,xTvB4ghJzQAJ/jM5lpiCHX9FFcY=
-4,3,abX0a7j5WDj3yXkU640qsZvoYn8=,OaE2eV11FiPJKZiEMPvLvD94mGY=
-3,2,AMjX5WDGKtDIazmqYIV8wsRcyPY=,Wdsf4iMpTCQtEI4X9sW15nrUcuo=
-4,1,v5ydyCwchleO/bQbMl0y2WAfGco=,fks2CXcmKrZoQGqXXvDurh+WNiY=
-4,0,JkVC0/TH3PT/rOb3CU3fTfkfsFc=,9uXT8wLry2KoNu3w9I08XaerM2Q=
-6,2,AMjX5WDGKtDIazmqYIV8wsRcyPY=,xTvB4ghJzQAJ/jM5lpiCHX9FFcY=
-6,3,abX0a7j5WDj3yXkU640qsZvoYn8=,OaE2eV11FiPJKZiEMPvLvD94mGY=
-6,0,v5ydyCwchleO/bQbMl0y2WAfGco=,I1+rktuwy8gSdld2hBG8vT2/FOc=
-6,1,v5ydyCwchleO/bQbMl0y2WAfGco=,fks2CXcmKrZoQGqXXvDurh+WNiY=
-5,0,JkVC0/TH3PT/rOb3CU3fTfkfsFc=,9uXT8wLry2KoNu3w9I08XaerM2Q=
-7,1,v5ydyCwchleO/bQbMl0y2WAfGco=,0V8HzZyyz1pS5OfWuSz5xzhom1U=
-7,0,v5ydyCwchleO/bQbMl0y2WAfGco=,BPhvcdHjrK4E8EgTQRm/IhTyKRk=
-4,4,9DqSk1PuMKhAB3g3Rgh8a1EqsIg=,ytcIUdzw48MaQJR0pypiok4UWcs=
-3,4,9DqSk1PuMKhAB3g3Rgh8a1EqsIg=,5HaIsQhf8rTxxogNJ3B+YFJL0bY=
-3,3,d55TPt7DiKxyRgFUhUkRd21vYpg=,nj7vC5WkfeP72BF30XwVU0sps3g=
-5,2,AMjX5WDGKtDIazmqYIV8wsRcyPY=,xTvB4ghJzQAJ/jM5lpiCHX9FFcY=
-5,1,AMjX5WDGKtDIazmqYIV8wsRcyPY=,xTvB4ghJzQAJ/jM5lpiCHX9FFcY=
-2,3,68pxUc+S8FDWdS9SWJtkbzg8RQE=,QFjXa+P3GVsO6+56sK8IQZliwA4=
-4,14,6wOAvXIoSkfZQMINAOxr6Q0COnY=,vOHANxuwcZeAwxIaywfaUl4Bv7Q=
-4,15,6wOAvXIoSkfZQMINAOxr6Q0COnY=,FWijqDZqfwhTE9jQgYDxEccKUEw=
-3,15,oAKGAfi0jGUft9Ax/CfNPxUGjwA=,p4JD0bIFVwjy7NuuqQAN+zDpX5U=
-3,14,6wOAvXIoSkfZQMINAOxr6Q0COnY=,FWijqDZqfwhTE9jQgYDxEccKUEw=
-2,14,6wOAvXIoSkfZQMINAOxr6Q0COnY=,FWijqDZqfwhTE9jQgYDxEccKUEw=
-1,14,oAKGAfi0jGUft9Ax/CfNPxUGjwA=,p4JD0bIFVwjy7NuuqQAN+zDpX5U=
-1,13,ov/tYXaiPhLIgA8jRftnMmRWmV0=,ackx8GFweNAXXWkdtqeWwApJbRI=
-1,12,ov/tYXaiPhLIgA8jRftnMmRWmV0=,ackx8GFweNAXXWkdtqeWwApJbRI=
-1,11,ov/tYXaiPhLIgA8jRftnMmRWmV0=,ackx8GFweNAXXWkdtqeWwApJbRI=
-1,10,loWEf9Q+oemzcj+ykXoIP7+2KFQ=,7z/bvF2eUSlU8975CkLnRRY6QkQ=
-1,9,loWEf9Q+oemzcj+ykXoIP7+2KFQ=,7z/bvF2eUSlU8975CkLnRRY6QkQ=
-9,18,M26qSLHdm375ESI+chdRoJK14E0=,k1wLmpuYGP1xDKt/DLQv7SdQb4Q=
-8,17,M26qSLHdm375ESI+chdRoJK14E0=,yqKKfEUjcKmSL55UKopUmR1Wtpc=
-8,18,M26qSLHdm375ESI+chdRoJK14E0=,yqKKfEUjcKmSL55UKopUmR1Wtpc=
-7,17,cCbF3Eqke9lVTwRCu6YCoijkMms=,ORPdOyCyV7lqBapCPf6onlVVdtA=
-7,18,cCbF3Eqke9lVTwRCu6YCoijkMms=,ORPdOyCyV7lqBapCPf6onlVVdtA=
-6,16,Y5HOBjHNt0t+G4UagIlvdeB0cMQ=,/VqM4HNPcWw2N6jdqyDI/uVPd5Q=
-6,17,cCbF3Eqke9lVTwRCu6YCoijkMms=,ORPdOyCyV7lqBapCPf6onlVVdtA=
-5,16,Y5HOBjHNt0t+G4UagIlvdeB0cMQ=,/VqM4HNPcWw2N6jdqyDI/uVPd5Q=
-5,15,Y5HOBjHNt0t+G4UagIlvdeB0cMQ=,FWijqDZqfwhTE9jQgYDxEccKUEw=
-3,16,oAKGAfi0jGUft9Ax/CfNPxUGjwA=,yqKKfEUjcKmSL55UKopUmR1Wtpc=
-2,16,oAKGAfi0jGUft9Ax/CfNPxUGjwA=,yqKKfEUjcKmSL55UKopUmR1Wtpc=
-2,15,oAKGAfi0jGUft9Ax/CfNPxUGjwA=,p4JD0bIFVwjy7NuuqQAN+zDpX5U=
-1,15,oAKGAfi0jGUft9Ax/CfNPxUGjwA=,p4JD0bIFVwjy7NuuqQAN+zDpX5U=
-12,20,oAKGAfi0jGUft9Ax/CfNPxUGjwA=,yJPEO3tB4vpy67Z2W7KVIJkUKt0=
-12,21,oAKGAfi0jGUft9Ax/CfNPxUGjwA=,yJPEO3tB4vpy67Z2W7KVIJkUKt0=
-11,21,oAKGAfi0jGUft9Ax/CfNPxUGjwA=,yJPEO3tB4vpy67Z2W7KVIJkUKt0=
-11,20,oAKGAfi0jGUft9Ax/CfNPxUGjwA=,yJPEO3tB4vpy67Z2W7KVIJkUKt0=
-11,19,oAKGAfi0jGUft9Ax/CfNPxUGjwA=,yJPEO3tB4vpy67Z2W7KVIJkUKt0=
-10,20,M26qSLHdm375ESI+chdRoJK14E0=,yJPEO3tB4vpy67Z2W7KVIJkUKt0=
-10,21,M26qSLHdm375ESI+chdRoJK14E0=,yJPEO3tB4vpy67Z2W7KVIJkUKt0=
-10,18,M26qSLHdm375ESI+chdRoJK14E0=,yJPEO3tB4vpy67Z2W7KVIJkUKt0=
-10,19,M26qSLHdm375ESI+chdRoJK14E0=,yJPEO3tB4vpy67Z2W7KVIJkUKt0=
-10,17,M26qSLHdm375ESI+chdRoJK14E0=,yJPEO3tB4vpy67Z2W7KVIJkUKt0=
-9,19,M26qSLHdm375ESI+chdRoJK14E0=,yJPEO3tB4vpy67Z2W7KVIJkUKt0=
-9,17,M26qSLHdm375ESI+chdRoJK14E0=,Ril0IIo2OPIsJDxAnPhNHU65qPc=
-5,17,M26qSLHdm375ESI+chdRoJK14E0=,yqKKfEUjcKmSL55UKopUmR1Wtpc=
-4,16,M26qSLHdm375ESI+chdRoJK14E0=,yqKKfEUjcKmSL55UKopUmR1Wtpc=
-4,17,M26qSLHdm375ESI+chdRoJK14E0=,yqKKfEUjcKmSL55UKopUmR1Wtpc=
-6,18,cCbF3Eqke9lVTwRCu6YCoijkMms=,ORPdOyCyV7lqBapCPf6onlVVdtA=
-1,4,hSIx1w/V8pZ3cNkzPyKiSPNqG3Q=,NO2jv/IgRH1wOsQJhM6D9joGBd4=
-17,0,cZwaxJm0ShU1FWvcbVsCW0+hMtE=,4LJYf7jvw0wFO41rBXUaGoKLvDE=
-17,1,v5ydyCwchleO/bQbMl0y2WAfGco=,gZdL+9FVMIPWDJoXVI6b3moMKH4=
-7,2,OzYvR8gchtlvbhY13JTDAQQcJYU=,kHtfMnY/icVywJsDgF9i0koJpoE=
-16,0,v5ydyCwchleO/bQbMl0y2WAfGco=,2yDop7FOVDYnTTAZxakvYPS6DTA=
-16,1,v5ydyCwchleO/bQbMl0y2WAfGco=,XGRRDcWO6JaUF51Bt9zowPKLkGU=
-15,1,v5ydyCwchleO/bQbMl0y2WAfGco=,BjUNUJI/pDmzpPLrQK9DylSvijI=
-15,0,v5ydyCwchleO/bQbMl0y2WAfGco=,2yDop7FOVDYnTTAZxakvYPS6DTA=
-11,3,jwmUzMvx4PlGkvdcKi6pVzBwYpE=,7bppGHEMNXYQ2+GR6qHYe+ovB7A=
-10,4,jwmUzMvx4PlGkvdcKi6pVzBwYpE=,7bppGHEMNXYQ2+GR6qHYe+ovB7A=
-10,3,jwmUzMvx4PlGkvdcKi6pVzBwYpE=,7bppGHEMNXYQ2+GR6qHYe+ovB7A=
-9,4,jwmUzMvx4PlGkvdcKi6pVzBwYpE=,7bppGHEMNXYQ2+GR6qHYe+ovB7A=
-9,3,jwmUzMvx4PlGkvdcKi6pVzBwYpE=,7bppGHEMNXYQ2+GR6qHYe+ovB7A=
-8,3,nDe0uP5DOwKHpA5/BNRI2hkzNzM=,IRNL5TKVzBuweaGTVg+6JVmr3DQ=
-8,4,nDe0uP5DOwKHpA5/BNRI2hkzNzM=,D4CBvPp3YDG9vPCsurzT9pg265s=
-11,0,v5ydyCwchleO/bQbMl0y2WAfGco=,PJ/JS6NvLJHzTmr8H/oJQYG3pyA=
-10,0,v5ydyCwchleO/bQbMl0y2WAfGco=,BjUNUJI/pDmzpPLrQK9DylSvijI=
-10,1,v5ydyCwchleO/bQbMl0y2WAfGco=,BjUNUJI/pDmzpPLrQK9DylSvijI=
-9,2,nDe0uP5DOwKHpA5/BNRI2hkzNzM=,IRNL5TKVzBuweaGTVg+6JVmr3DQ=
-9,1,v5ydyCwchleO/bQbMl0y2WAfGco=,HpsboAlq6vt2FB4n4JN1WSZS7ps=
-8,2,nDe0uP5DOwKHpA5/BNRI2hkzNzM=,OU3MH3Lr8b0LOXXzleaArQIaREc=
-7,3,nDe0uP5DOwKHpA5/BNRI2hkzNzM=,IRNL5TKVzBuweaGTVg+6JVmr3DQ=
-1,5,loWEf9Q+oemzcj+ykXoIP7+2KFQ=,4WDKlc5xkaun+eDxDpv67fZPsTE=
-1,8,loWEf9Q+oemzcj+ykXoIP7+2KFQ=,7z/bvF2eUSlU8975CkLnRRY6QkQ=
-1,7,loWEf9Q+oemzcj+ykXoIP7+2KFQ=,RmbvLy3TV2EPJCZttv4VgeEnxQ4=
-1,6,loWEf9Q+oemzcj+ykXoIP7+2KFQ=,RmbvLy3TV2EPJCZttv4VgeEnxQ4=
-12,0,v5ydyCwchleO/bQbMl0y2WAfGco=,BjUNUJI/pDmzpPLrQK9DylSvijI=
-12,1,v5ydyCwchleO/bQbMl0y2WAfGco=,BjUNUJI/pDmzpPLrQK9DylSvijI=
-11,1,v5ydyCwchleO/bQbMl0y2WAfGco=,BjUNUJI/pDmzpPLrQK9DylSvijI=
-9,0,v5ydyCwchleO/bQbMl0y2WAfGco=,BjUNUJI/pDmzpPLrQK9DylSvijI=
-8,0,v5ydyCwchleO/bQbMl0y2WAfGco=,NV7aTAD3ak61WAmN/xC6iVsZxNY=
-8,1,v5ydyCwchleO/bQbMl0y2WAfGco=,+tlXNwPjhSrcBAf5FPD814dNOlk=
-14,0,v5ydyCwchleO/bQbMl0y2WAfGco=,HpsboAlq6vt2FB4n4JN1WSZS7ps=
-14,1,v5ydyCwchleO/bQbMl0y2WAfGco=,BjUNUJI/pDmzpPLrQK9DylSvijI=
-13,1,v5ydyCwchleO/bQbMl0y2WAfGco=,BjUNUJI/pDmzpPLrQK9DylSvijI=
-13,0,v5ydyCwchleO/bQbMl0y2WAfGco=,BjUNUJI/pDmzpPLrQK9DylSvijI=
