-1,-1,JkVC0/TH3PT/rOb3CU3fTfkfsFc=,JdFUMxPGBqMO+Q1yti3d1nCxD5g=
-1,-2,JkVC0/TH3PT/rOb3CU3fTfkfsFc=,a7/ANQ+R2xzOJ7tHmWB4lVweqls=
-1,-3,JkVC0/TH3PT/rOb3CU3fTfkfsFc=,s1Dvk/5x0J5m457JoXLJ6S55E9k=
-2,-2,38LuzkLiGlz3a422BzcVSzT97c4=,lRmsb4gkZXsURkd2XhEAVbv+4IQ=
-2,-1,v5ydyCwchleO/bQbMl0y2WAfGco=,qVMyN3oVTaDT7PXl214ykG4XPKA=
-3,-1,JkVC0/TH3PT/rOb3CU3fTfkfsFc=,5ED6p9awvQOHzk9umR7oE0P/VQw=
-4,-1,JkVC0/TH3PT/rOb3CU3fTfkfsFc=,m1KKTGyEQRZ5jT6vBw/DRbxt8So=
-4,-2,5crLWanTTr0MAI/hs7jz2HEOuRs=,slFlagpFdhzc/hH9GJEyaxh2vHI=
-5,-1,v5ydyCwchleO/bQbMl0y2WAfGco=,pOuCy0aZ7n9BcgsH4lLGHnPvpAY=
-5,-2,5crLWanTTr0MAI/hs7jz2HEOuRs=,MdcWdmxUA70PA84yWhQNtpD6XPY=
-6,-2,5crLWanTTr0MAI/hs7jz2HEOuRs=,PZbue7Nz1YTUs44RwG7uFFpjg08=
-6,-1,v5ydyCwchleO/bQbMl0y2WAfGco=,qVMyN3oVTaDT7PXl214ykG4XPKA=
-7,-3,dDSArPD899FVCsjIu6FdfPwDY4o=,yzLPLL6mf1nlUtuczm/ne192OaA=
-7,-1,dDSArPD899FVCsjIu6FdfPwDY4o=,yzLPLL6mf1nlUtuczm/ne192OaA=
-7,-2,dDSArPD899FVCsjIu6FdfPwDY4o=,yzLPLL6mf1nlUtuczm/ne192OaA=
-8,-4,+GQyVv4Xb8x1G53/iGd9wJo/mFs=,XXeJUMujVk7gYhqdLJyTx+MrXoU=
-8,-3,cdghUBCTDaoPkbOHP53z47MBE7I=,XXeJUMujVk7gYhqdLJyTx+MrXoU=
-9,-3,wsHug8mcM8UsAgKoJR0c6EXsShM=,Kkrk4Uuo2OdYGsenwag1p71zbRE=
-9,-4,cdghUBCTDaoPkbOHP53z47MBE7I=,qCPGhbT5J6u+kcj64imBLUt/bGs=
-10,-4,cdghUBCTDaoPkbOHP53z47MBE7I=,qCPGhbT5J6u+kcj64imBLUt/bGs=
-1,-6,JkVC0/TH3PT/rOb3CU3fTfkfsFc=,FV5ovRl51cF8Kfmn1c4eA6HO5qI=
-1,-7,JkVC0/TH3PT/rOb3CU3fTfkfsFc=,GeQa/07U0fvfzv9ZwthYlXrbVxQ=
-2,-6,JkVC0/TH3PT/rOb3CU3fTfkfsFc=,gh7+ZxmoOE8/9Tar/Iq7iG3b/E8=
-2,-8,cCbF3Eqke9lVTwRCu6YCoijkMms=,y+DZFF+WB25svu3C98frZhAbqkw=
-2,-7,JkVC0/TH3PT/rOb3CU3fTfkfsFc=,b9wh10L/kiWquphb1bbnBHFwZRs=
-3,-7,cCbF3Eqke9lVTwRCu6YCoijkMms=,nDJPV/K762aBMAC4vN+IaskBea8=
-3,-8,cCbF3Eqke9lVTwRCu6YCoijkMms=,nDJPV/K762aBMAC4vN+IaskBea8=
-3,-6,cCbF3Eqke9lVTwRCu6YCoijkMms=,JuKUeW4e6UnCc8WCzKVkUCUZnus=
-3,-9,cCbF3Eqke9lVTwRCu6YCoijkMms=,ORPdOyCyV7lqBapCPf6onlVVdtA=
-4,-8,cCbF3Eqke9lVTwRCu6YCoijkMms=,mCx+QctyB6XYJQP0Ds6HZFMOsMQ=
-4,-7,cCbF3Eqke9lVTwRCu6YCoijkMms=,nDJPV/K762aBMAC4vN+IaskBea8=
-4,-6,cCbF3Eqke9lVTwRCu6YCoijkMms=,JuKUeW4e6UnCc8WCzKVkUCUZnus=
-4,-5,mIAuYYP1nJ/iln5lgAsI76sVyos=,LpcIuNFFEXNNOuHtUtY9HCGJhyU=
-4,-9,cCbF3Eqke9lVTwRCu6YCoijkMms=,ORPdOyCyV7lqBapCPf6onlVVdtA=
-5,-5,mIAuYYP1nJ/iln5lgAsI76sVyos=,JkGCkPc3cqkIuzdCVhJvQBrNUeo=
-5,-6,cCbF3Eqke9lVTwRCu6YCoijkMms=,qNIaimW17kNHVuTgkN6lx2m1OOY=
-5,-7,cCbF3Eqke9lVTwRCu6YCoijkMms=,nDJPV/K762aBMAC4vN+IaskBea8=
-6,-6,cCbF3Eqke9lVTwRCu6YCoijkMms=,nDJPV/K762aBMAC4vN+IaskBea8=
-6,-7,cCbF3Eqke9lVTwRCu6YCoijkMms=,nDJPV/K762aBMAC4vN+IaskBea8=
-2,-3,JkVC0/TH3PT/rOb3CU3fTfkfsFc=,5FFCs/sD5gce738NNzLb2JqK/Us=
-3,-3,+0UHYez+Qf7wn4kaHS/fZlR1qLU=,EVsBk6Y4IfSCQfiaqTIB3efXv/M=
-3,-4,+0UHYez+Qf7wn4kaHS/fZlR1qLU=,X9/82meki2P8MuXwd5xXIi7D1fc=
-3,-2,+0UHYez+Qf7wn4kaHS/fZlR1qLU=,srRz5KJMWKuORO72Phb8szpImSk=
-4,-4,+0UHYez+Qf7wn4kaHS/fZlR1qLU=,M5oiqKCgvENRKeJYhfzpjTMLC7Y=
-4,-3,+0UHYez+Qf7wn4kaHS/fZlR1qLU=,ixWdzhqBDeACOTmFVAiIyYjZGRU=
-7,-5,mIAuYYP1nJ/iln5lgAsI76sVyos=,8O0CRYnCgrX8rEY6Fv1+eBGNn8Y=
-7,-4,+GQyVv4Xb8x1G53/iGd9wJo/mFs=,rMiAfAtX0Z8zoB86HXtWyu1DA7A=
-8,-5,mIAuYYP1nJ/iln5lgAsI76sVyos=,8O0CRYnCgrX8rEY6Fv1+eBGNn8Y=
-9,-5,mIAuYYP1nJ/iln5lgAsI76sVyos=,lR93SZ7F7nVNIIuZ/73moqmOCeo=
-10,-5,mIAuYYP1nJ/iln5lgAsI76sVyos=,lR93SZ7F7nVNIIuZ/73moqmOCeo=
-5,-4,OzYvR8gchtlvbhY13JTDAQQcJYU=,lnkcNmRBoGI56OTZdoVexD3F65Q=
-1,-23,YEd5lKPXhOXgbn5tUnYAXviNr5Q=,bOFx9lR7V9/LRlkH3nW2TkZRvC0=
-5,-3,5crLWanTTr0MAI/hs7jz2HEOuRs=,qHNtqxqH535cA8iftV5CWnCSvcQ=
-6,-3,5crLWanTTr0MAI/hs7jz2HEOuRs=,TVec4JAiBkVMw50VDVMk3W5p7S8=
-14,-1,5crLWanTTr0MAI/hs7jz2HEOuRs=,lweTEjuDtN9JgU4PCvdLrcdcN7s=
-15,-1,v5ydyCwchleO/bQbMl0y2WAfGco=,gZdL+9FVMIPWDJoXVI6b3moMKH4=
-16,-1,v5ydyCwchleO/bQbMl0y2WAfGco=,gZdL+9FVMIPWDJoXVI6b3moMKH4=
-1,-4,JkVC0/TH3PT/rOb3CU3fTfkfsFc=,YCAz1OctsepK3kpp1eCK2bFzleE=
-1,-5,JkVC0/TH3PT/rOb3CU3fTfkfsFc=,RVOwcaB+aOIwq+9yq37rV120uXE=
-1,-8,JkVC0/TH3PT/rOb3CU3fTfkfsFc=,Ypf/DILFSU3SorQzBOtAZqLv1Ks=
-1,-10,JkVC0/TH3PT/rOb3CU3fTfkfsFc=,8adlIWFDZXI/L2WS1g3Ir15xNDs=
-1,-13,JkVC0/TH3PT/rOb3CU3fTfkfsFc=,GF2GRLXsgFwjrekeaANAdhuUvmA=
-1,-14,JkVC0/TH3PT/rOb3CU3fTfkfsFc=,sQyIhR5f05f0vLmyK5fZbIH9X14=
-1,-15,JkVC0/TH3PT/rOb3CU3fTfkfsFc=,Zut6MpSqZy5TQRkM3o4BulqN5e4=
-1,-16,JkVC0/TH3PT/rOb3CU3fTfkfsFc=,XHfdKgt65G5nO2/O/1mfbs9yS6Y=
-1,-17,JkVC0/TH3PT/rOb3CU3fTfkfsFc=,gTsXJ5xePgbGngphgTbxtbo2rUU=
-1,-18,JkVC0/TH3PT/rOb3CU3fTfkfsFc=,gTsXJ5xePgbGngphgTbxtbo2rUU=
-1,-11,JkVC0/TH3PT/rOb3CU3fTfkfsFc=,92c64xg79ZOUELDgnLEXtft7gv4=
-1,-12,JkVC0/TH3PT/rOb3CU3fTfkfsFc=,92c64xg79ZOUELDgnLEXtft7gv4=
-2,-12,JkVC0/TH3PT/rOb3CU3fTfkfsFc=,92c64xg79ZOUELDgnLEXtft7gv4=
-3,-12,SfqSl/6VSKzlYvb6M1aM4I+FpOo=,RLkwLxts4CH/mRx2mtCzHab1GOA=
-8,-2,1gPn3VewrE2/Xnu1arTfI4jAi1g=,yzLPLL6mf1nlUtuczm/ne192OaA=
-8,-1,1gPn3VewrE2/Xnu1arTfI4jAi1g=,yzLPLL6mf1nlUtuczm/ne192OaA=
-9,-1,EagQGewcYxNIdV/W3DmMx7Jz12c=,c/8CPQ7xdGj1c1Xvv6p5pWxherk=
-9,-2,1gPn3VewrE2/Xnu1arTfI4jAi1g=,eLBHH04xYr3kFRJve6gj+KbFOyg=
-10,-2,EagQGewcYxNIdV/W3DmMx7Jz12c=,4M/oSKNNXZAIxqbrTbJYFCyp+bw=
-10,-1,EagQGewcYxNIdV/W3DmMx7Jz12c=,HqKUTUVMTRBQDyosl02onWEsO1M=
-10,-3,EagQGewcYxNIdV/W3DmMx7Jz12c=,c/8CPQ7xdGj1c1Xvv6p5pWxherk=
-1,-9,JkVC0/TH3PT/rOb3CU3fTfkfsFc=,92c64xg79ZOUELDgnLEXtft7gv4=
-11,-1,eiya8vbhEkYWk/SIhcVxAnTbFXY=,07z5ed1/Sq64/g+X6z8i0M2x3gw=
-12,-2,eiya8vbhEkYWk/SIhcVxAnTbFXY=,07z5ed1/Sq64/g+X6z8i0M2x3gw=
-12,-1,eiya8vbhEkYWk/SIhcVxAnTbFXY=,07z5ed1/Sq64/g+X6z8i0M2x3gw=
-13,-5,mIAuYYP1nJ/iln5lgAsI76sVyos=,lR93SZ7F7nVNIIuZ/73moqmOCeo=
-13,-1,eiya8vbhEkYWk/SIhcVxAnTbFXY=,07z5ed1/Sq64/g+X6z8i0M2x3gw=
-13,-2,eiya8vbhEkYWk/SIhcVxAnTbFXY=,07z5ed1/Sq64/g+X6z8i0M2x3gw=
-13,-3,eiya8vbhEkYWk/SIhcVxAnTbFXY=,07z5ed1/Sq64/g+X6z8i0M2x3gw=
-13,-4,eiya8vbhEkYWk/SIhcVxAnTbFXY=,07z5ed1/Sq64/g+X6z8i0M2x3gw=
-14,-6,2CY42A0ZcMO9nlVMaSNsnNfl1HU=,GeLUviM29pjHOU7CZUdtVokdLlM=
-14,-5,mIAuYYP1nJ/iln5lgAsI76sVyos=,lR93SZ7F7nVNIIuZ/73moqmOCeo=
-14,-4,eiya8vbhEkYWk/SIhcVxAnTbFXY=,07z5ed1/Sq64/g+X6z8i0M2x3gw=
-14,-3,eiya8vbhEkYWk/SIhcVxAnTbFXY=,07z5ed1/Sq64/g+X6z8i0M2x3gw=
-16,-2,D0aUyeqi4RzWWM/wnfATU2yn7q0=,jt3dVtx9CmH3FaPQfH2X1gHnd+Y=
-17,-1,v5ydyCwchleO/bQbMl0y2WAfGco=,gZdL+9FVMIPWDJoXVI6b3moMKH4=
-17,-2,D0aUyeqi4RzWWM/wnfATU2yn7q0=,jt3dVtx9CmH3FaPQfH2X1gHnd+Y=
-18,-2,D0aUyeqi4RzWWM/wnfATU2yn7q0=,jt3dVtx9CmH3FaPQfH2X1gHnd+Y=
-18,-1,v5ydyCwchleO/bQbMl0y2WAfGco=,gZdL+9FVMIPWDJoXVI6b3moMKH4=
-2,-11,v5ydyCwchleO/bQbMl0y2WAfGco=,UDR/IUFziKG2XneWpwaHSIn6xfE=
-4,-12,22GKhXYa3skb+iOW6XtEfRf8a1Y=,IfJ1BSMu8x79GW2idyIKhJNRj4c=
-4,-13,SfqSl/6VSKzlYvb6M1aM4I+FpOo=,4Ue+k8677JBmjtKDXXfPFQ/49Tc=
-5,-13,SfqSl/6VSKzlYvb6M1aM4I+FpOo=,+ezxw44pLN0YSPlHUX2YLisBanw=
-5,-12,22GKhXYa3skb+iOW6XtEfRf8a1Y=,jjGSQ5MAM7n8YbljqsH22Om/3zU=
-6,-12,22GKhXYa3skb+iOW6XtEfRf8a1Y=,ETRxeKdDF+88mZB8YMTvF7c1uQ8=
-7,-12,22GKhXYa3skb+iOW6XtEfRf8a1Y=,TdPW0GNn0C9I1XTJnCN+a+0NsiE=
-8,-12,22GKhXYa3skb+iOW6XtEfRf8a1Y=,TdPW0GNn0C9I1XTJnCN+a+0NsiE=
-9,-12,22GKhXYa3skb+iOW6XtEfRf8a1Y=,WMAGDvZS7rpCzFvBTR8RICXPnyA=
-9,-13,22GKhXYa3skb+iOW6XtEfRf8a1Y=,WMAGDvZS7rpCzFvBTR8RICXPnyA=
-10,-12,22GKhXYa3skb+iOW6XtEfRf8a1Y=,WMAGDvZS7rpCzFvBTR8RICXPnyA=
-10,-13,22GKhXYa3skb+iOW6XtEfRf8a1Y=,WMAGDvZS7rpCzFvBTR8RICXPnyA=
-11,-12,22GKhXYa3skb+iOW6XtEfRf8a1Y=,WMAGDvZS7rpCzFvBTR8RICXPnyA=
-11,-13,22GKhXYa3skb+iOW6XtEfRf8a1Y=,WMAGDvZS7rpCzFvBTR8RICXPnyA=
-2,-4,JkVC0/TH3PT/rOb3CU3fTfkfsFc=,KHhi7bRGLBrSvRvGOg97gWeuI0s=
-2,-5,JkVC0/TH3PT/rOb3CU3fTfkfsFc=,KHhi7bRGLBrSvRvGOg97gWeuI0s=
-3,-5,mIAuYYP1nJ/iln5lgAsI76sVyos=,mdxbUpM+jhuNRMyIP8s7Lrj8nqI=
-6,-5,mIAuYYP1nJ/iln5lgAsI76sVyos=,AzkRQbFbYWv6r9ujutS3f8bGSWs=
-11,-5,mIAuYYP1nJ/iln5lgAsI76sVyos=,lR93SZ7F7nVNIIuZ/73moqmOCeo=
-12,-5,mIAuYYP1nJ/iln5lgAsI76sVyos=,lR93SZ7F7nVNIIuZ/73moqmOCeo=
-15,-5,mIAuYYP1nJ/iln5lgAsI76sVyos=,lR93SZ7F7nVNIIuZ/73moqmOCeo=
-16,-5,mIAuYYP1nJ/iln5lgAsI76sVyos=,lR93SZ7F7nVNIIuZ/73moqmOCeo=
-17,-5,mIAuYYP1nJ/iln5lgAsI76sVyos=,adYK8whVs4keLf0LHZMkITvcLrs=
-18,-5,mIAuYYP1nJ/iln5lgAsI76sVyos=,adYK8whVs4keLf0LHZMkITvcLrs=
-19,-5,mIAuYYP1nJ/iln5lgAsI76sVyos=,adYK8whVs4keLf0LHZMkITvcLrs=
-19,-6,mIAuYYP1nJ/iln5lgAsI76sVyos=,adYK8whVs4keLf0LHZMkITvcLrs=
-20,-5,mIAuYYP1nJ/iln5lgAsI76sVyos=,adYK8whVs4keLf0LHZMkITvcLrs=
-21,-5,mIAuYYP1nJ/iln5lgAsI76sVyos=,adYK8whVs4keLf0LHZMkITvcLrs=
-22,-5,mIAuYYP1nJ/iln5lgAsI76sVyos=,adYK8whVs4keLf0LHZMkITvcLrs=
-23,-5,mIAuYYP1nJ/iln5lgAsI76sVyos=,adYK8whVs4keLf0LHZMkITvcLrs=
-23,-6,mIAuYYP1nJ/iln5lgAsI76sVyos=,98+Zed6OBLh8P1exwPM2r4BJsNk=
-24,-5,mIAuYYP1nJ/iln5lgAsI76sVyos=,adYK8whVs4keLf0LHZMkITvcLrs=
-25,-5,mIAuYYP1nJ/iln5lgAsI76sVyos=,adYK8whVs4keLf0LHZMkITvcLrs=
-26,-6,pcpBKOmTDgLpFnpWJ5k/YLcDQKQ=,0JPnrtjaDK0RsCRkErKoHzWJhxA=
-26,-5,vX4xKloTCmQKev08GVX1sMbjSuM=,RhZf6Pbu8i/55ykm2Vdm2eGKEXw=
-27,-5,pcpBKOmTDgLpFnpWJ5k/YLcDQKQ=,0JPnrtjaDK0RsCRkErKoHzWJhxA=
-27,-6,pcpBKOmTDgLpFnpWJ5k/YLcDQKQ=,0JPnrtjaDK0RsCRkErKoHzWJhxA=
-28,-7,pcpBKOmTDgLpFnpWJ5k/YLcDQKQ=,0JPnrtjaDK0RsCRkErKoHzWJhxA=
-28,-6,pcpBKOmTDgLpFnpWJ5k/YLcDQKQ=,0JPnrtjaDK0RsCRkErKoHzWJhxA=
-28,-5,hbz9Jtyos2hD53hXzF+W9oYpCs4=,q5KNg5X9gfwmDamz5iqRbAAl6J0=
-29,-5,cQy9q3foawdu/uHdeWJqPvzLzgc=,q5KNg5X9gfwmDamz5iqRbAAl6J0=
-29,-6,cQy9q3foawdu/uHdeWJqPvzLzgc=,q5KNg5X9gfwmDamz5iqRbAAl6J0=
-29,-7,cQy9q3foawdu/uHdeWJqPvzLzgc=,q5KNg5X9gfwmDamz5iqRbAAl6J0=
-29,-8,cQy9q3foawdu/uHdeWJqPvzLzgc=,q5KNg5X9gfwmDamz5iqRbAAl6J0=
-30,-8,cQy9q3foawdu/uHdeWJqPvzLzgc=,q5KNg5X9gfwmDamz5iqRbAAl6J0=
-31,-9,cQy9q3foawdu/uHdeWJqPvzLzgc=,q5KNg5X9gfwmDamz5iqRbAAl6J0=
-31,-8,cQy9q3foawdu/uHdeWJqPvzLzgc=,q5KNg5X9gfwmDamz5iqRbAAl6J0=
-32,-9,cQy9q3foawdu/uHdeWJqPvzLzgc=,q5KNg5X9gfwmDamz5iqRbAAl6J0=
-32,-8,cQy9q3foawdu/uHdeWJqPvzLzgc=,q5KNg5X9gfwmDamz5iqRbAAl6J0=
-11,-17,cZwaxJm0ShU1FWvcbVsCW0+hMtE=,iyc8zUQ3KTTWZer01pPIT0T0tGo=
-11,-18,cZwaxJm0ShU1FWvcbVsCW0+hMtE=,iyc8zUQ3KTTWZer01pPIT0T0tGo=
-12,-18,pcpBKOmTDgLpFnpWJ5k/YLcDQKQ=,ajzECud/kCLIn98/XV+Mlf/raYE=
-12,-17,cZwaxJm0ShU1FWvcbVsCW0+hMtE=,iyc8zUQ3KTTWZer01pPIT0T0tGo=
-13,-17,cZwaxJm0ShU1FWvcbVsCW0+hMtE=,iyc8zUQ3KTTWZer01pPIT0T0tGo=
-14,-17,pcpBKOmTDgLpFnpWJ5k/YLcDQKQ=,UGdQ5H/Wyy6Wg379+Dl7te+5f+k=
-15,-17,pcpBKOmTDgLpFnpWJ5k/YLcDQKQ=,ajzECud/kCLIn98/XV+Mlf/raYE=
-15,-18,pcpBKOmTDgLpFnpWJ5k/YLcDQKQ=,ajzECud/kCLIn98/XV+Mlf/raYE=
-16,-17,pcpBKOmTDgLpFnpWJ5k/YLcDQKQ=,ajzECud/kCLIn98/XV+Mlf/raYE=
-17,-17,pcpBKOmTDgLpFnpWJ5k/YLcDQKQ=,oZEnsMf1KwBHxvJPMTOPhaVgW1o=
-18,-18,pcpBKOmTDgLpFnpWJ5k/YLcDQKQ=,oZEnsMf1KwBHxvJPMTOPhaVgW1o=
-18,-17,pcpBKOmTDgLpFnpWJ5k/YLcDQKQ=,oZEnsMf1KwBHxvJPMTOPhaVgW1o=
-19,-19,pcpBKOmTDgLpFnpWJ5k/YLcDQKQ=,oZEnsMf1KwBHxvJPMTOPhaVgW1o=
-19,-18,pcpBKOmTDgLpFnpWJ5k/YLcDQKQ=,oZEnsMf1KwBHxvJPMTOPhaVgW1o=
-20,-19,pcpBKOmTDgLpFnpWJ5k/YLcDQKQ=,oZEnsMf1KwBHxvJPMTOPhaVgW1o=
-20,-18,pcpBKOmTDgLpFnpWJ5k/YLcDQKQ=,oZEnsMf1KwBHxvJPMTOPhaVgW1o=
-20,-17,pcpBKOmTDgLpFnpWJ5k/YLcDQKQ=,oZEnsMf1KwBHxvJPMTOPhaVgW1o=
-20,-16,pcpBKOmTDgLpFnpWJ5k/YLcDQKQ=,oZEnsMf1KwBHxvJPMTOPhaVgW1o=
-21,-17,pcpBKOmTDgLpFnpWJ5k/YLcDQKQ=,oZEnsMf1KwBHxvJPMTOPhaVgW1o=
-21,-16,pcpBKOmTDgLpFnpWJ5k/YLcDQKQ=,oZEnsMf1KwBHxvJPMTOPhaVgW1o=
-22,-16,pcpBKOmTDgLpFnpWJ5k/YLcDQKQ=,v7mAv1NWjrqceW9TBLonT19IwTE=
-22,-15,pcpBKOmTDgLpFnpWJ5k/YLcDQKQ=,HXawZkp0FaGHbg78+RFAkfyCWMA=
-23,-15,pcpBKOmTDgLpFnpWJ5k/YLcDQKQ=,0JPnrtjaDK0RsCRkErKoHzWJhxA=
-23,-16,pcpBKOmTDgLpFnpWJ5k/YLcDQKQ=,Mzzu7QxsL6HV4WWjxQanlevloyY=
-23,-14,pcpBKOmTDgLpFnpWJ5k/YLcDQKQ=,Io8WpIznkN3LHUHxIyxwXJSJzp8=
-24,-14,pcpBKOmTDgLpFnpWJ5k/YLcDQKQ=,L3sVQZfh0gr+91QwQtQgX4RhUf4=
-24,-13,pcpBKOmTDgLpFnpWJ5k/YLcDQKQ=,v7mAv1NWjrqceW9TBLonT19IwTE=
-24,-12,pcpBKOmTDgLpFnpWJ5k/YLcDQKQ=,HXawZkp0FaGHbg78+RFAkfyCWMA=
-25,-10,pcpBKOmTDgLpFnpWJ5k/YLcDQKQ=,0JPnrtjaDK0RsCRkErKoHzWJhxA=
-25,-11,pcpBKOmTDgLpFnpWJ5k/YLcDQKQ=,0JPnrtjaDK0RsCRkErKoHzWJhxA=
-25,-12,pcpBKOmTDgLpFnpWJ5k/YLcDQKQ=,0JPnrtjaDK0RsCRkErKoHzWJhxA=
-25,-13,pcpBKOmTDgLpFnpWJ5k/YLcDQKQ=,0JPnrtjaDK0RsCRkErKoHzWJhxA=
-26,-10,pcpBKOmTDgLpFnpWJ5k/YLcDQKQ=,0JPnrtjaDK0RsCRkErKoHzWJhxA=
-26,-9,pcpBKOmTDgLpFnpWJ5k/YLcDQKQ=,0JPnrtjaDK0RsCRkErKoHzWJhxA=
-26,-8,S+qWs9fLOkVp143xf5JHOL4PM34=,pM9zyYsz5oLNJVL5a0TvtuxyjJ0=
-26,-7,S+qWs9fLOkVp143xf5JHOL4PM34=,pM9zyYsz5oLNJVL5a0TvtuxyjJ0=
-27,-7,pcpBKOmTDgLpFnpWJ5k/YLcDQKQ=,0JPnrtjaDK0RsCRkErKoHzWJhxA=
-27,-8,S+qWs9fLOkVp143xf5JHOL4PM34=,pM9zyYsz5oLNJVL5a0TvtuxyjJ0=
-10,-15,38LuzkLiGlz3a422BzcVSzT97c4=,BCfNv7Ll9XUBkkaU5apdnrA3CVU=
-11,-15,S+qWs9fLOkVp143xf5JHOL4PM34=,otu3B87y7rlsusQ8j8ql2zr3SNo=
-11,-16,cZwaxJm0ShU1FWvcbVsCW0+hMtE=,3y+X9Ho9n9S34oH1y1DLa8trpNg=
-12,-16,cZwaxJm0ShU1FWvcbVsCW0+hMtE=,mVcSGQqrhf8cWtzBQ5hN2iyQ+E4=
-7,-15,38LuzkLiGlz3a422BzcVSzT97c4=,WhUXkpX1jKaUTBVcBRta2yagAFQ=
-7,-16,JkVC0/TH3PT/rOb3CU3fTfkfsFc=,92c64xg79ZOUELDgnLEXtft7gv4=
-8,-16,JkVC0/TH3PT/rOb3CU3fTfkfsFc=,92c64xg79ZOUELDgnLEXtft7gv4=
-8,-15,38LuzkLiGlz3a422BzcVSzT97c4=,WhUXkpX1jKaUTBVcBRta2yagAFQ=
-9,-15,38LuzkLiGlz3a422BzcVSzT97c4=,BCfNv7Ll9XUBkkaU5apdnrA3CVU=
-9,-16,JkVC0/TH3PT/rOb3CU3fTfkfsFc=,iyc8zUQ3KTTWZer01pPIT0T0tGo=
-2,-14,JkVC0/TH3PT/rOb3CU3fTfkfsFc=,8yJk8/JQs5lmwneyNFk/XXTym4I=
-2,-13,JkVC0/TH3PT/rOb3CU3fTfkfsFc=,unBGwR6eKbc/5r29gfeHsVPIeN4=
-2,-16,JkVC0/TH3PT/rOb3CU3fTfkfsFc=,kHMk+omjk6MvXxflsEWk+ehvcFw=
-2,-15,JkVC0/TH3PT/rOb3CU3fTfkfsFc=,0X1F2DN672xlvMawK75vAKDjoUs=
-2,-18,JkVC0/TH3PT/rOb3CU3fTfkfsFc=,gTsXJ5xePgbGngphgTbxtbo2rUU=
-3,-15,JkVC0/TH3PT/rOb3CU3fTfkfsFc=,92c64xg79ZOUELDgnLEXtft7gv4=
-3,-16,JkVC0/TH3PT/rOb3CU3fTfkfsFc=,92c64xg79ZOUELDgnLEXtft7gv4=
-3,-17,JkVC0/TH3PT/rOb3CU3fTfkfsFc=,gTsXJ5xePgbGngphgTbxtbo2rUU=
-3,-18,JkVC0/TH3PT/rOb3CU3fTfkfsFc=,gTsXJ5xePgbGngphgTbxtbo2rUU=
-4,-16,JkVC0/TH3PT/rOb3CU3fTfkfsFc=,92c64xg79ZOUELDgnLEXtft7gv4=
-4,-15,JkVC0/TH3PT/rOb3CU3fTfkfsFc=,92c64xg79ZOUELDgnLEXtft7gv4=
-4,-18,JkVC0/TH3PT/rOb3CU3fTfkfsFc=,gTsXJ5xePgbGngphgTbxtbo2rUU=
-4,-17,JkVC0/TH3PT/rOb3CU3fTfkfsFc=,gTsXJ5xePgbGngphgTbxtbo2rUU=
-5,-15,JkVC0/TH3PT/rOb3CU3fTfkfsFc=,92c64xg79ZOUELDgnLEXtft7gv4=
-5,-16,JkVC0/TH3PT/rOb3CU3fTfkfsFc=,92c64xg79ZOUELDgnLEXtft7gv4=
-5,-17,JkVC0/TH3PT/rOb3CU3fTfkfsFc=,gTsXJ5xePgbGngphgTbxtbo2rUU=
-5,-18,JkVC0/TH3PT/rOb3CU3fTfkfsFc=,gTsXJ5xePgbGngphgTbxtbo2rUU=
-6,-16,JkVC0/TH3PT/rOb3CU3fTfkfsFc=,92c64xg79ZOUELDgnLEXtft7gv4=
-6,-15,JkVC0/TH3PT/rOb3CU3fTfkfsFc=,92c64xg79ZOUELDgnLEXtft7gv4=
-6,-17,JkVC0/TH3PT/rOb3CU3fTfkfsFc=,gTsXJ5xePgbGngphgTbxtbo2rUU=
-7,-17,JkVC0/TH3PT/rOb3CU3fTfkfsFc=,gTsXJ5xePgbGngphgTbxtbo2rUU=
-8,-20,JkVC0/TH3PT/rOb3CU3fTfkfsFc=,gTsXJ5xePgbGngphgTbxtbo2rUU=
-8,-19,JkVC0/TH3PT/rOb3CU3fTfkfsFc=,gTsXJ5xePgbGngphgTbxtbo2rUU=
-8,-18,JkVC0/TH3PT/rOb3CU3fTfkfsFc=,gTsXJ5xePgbGngphgTbxtbo2rUU=
-8,-17,JkVC0/TH3PT/rOb3CU3fTfkfsFc=,gTsXJ5xePgbGngphgTbxtbo2rUU=
-9,-17,JkVC0/TH3PT/rOb3CU3fTfkfsFc=,iyc8zUQ3KTTWZer01pPIT0T0tGo=
-9,-18,JkVC0/TH3PT/rOb3CU3fTfkfsFc=,iyc8zUQ3KTTWZer01pPIT0T0tGo=
-9,-19,JkVC0/TH3PT/rOb3CU3fTfkfsFc=,iyc8zUQ3KTTWZer01pPIT0T0tGo=
-9,-20,JkVC0/TH3PT/rOb3CU3fTfkfsFc=,iyc8zUQ3KTTWZer01pPIT0T0tGo=
-10,-16,JkVC0/TH3PT/rOb3CU3fTfkfsFc=,IGpkGjpsWnCf81wxrnBGlbeSANk=
-10,-18,JkVC0/TH3PT/rOb3CU3fTfkfsFc=,iyc8zUQ3KTTWZer01pPIT0T0tGo=
-10,-20,JkVC0/TH3PT/rOb3CU3fTfkfsFc=,iyc8zUQ3KTTWZer01pPIT0T0tGo=
-10,-19,JkVC0/TH3PT/rOb3CU3fTfkfsFc=,iyc8zUQ3KTTWZer01pPIT0T0tGo=
-11,-19,cZwaxJm0ShU1FWvcbVsCW0+hMtE=,iyc8zUQ3KTTWZer01pPIT0T0tGo=
