54,-26,loWEf9Q+oemzcj+ykXoIP7+2KFQ=,jfe78rSCHWlm6QUVACmIkDFM8cw=
54,-25,loWEf9Q+oemzcj+ykXoIP7+2KFQ=,jfe78rSCHWlm6QUVACmIkDFM8cw=
53,-27,loWEf9Q+oemzcj+ykXoIP7+2KFQ=,jfe78rSCHWlm6QUVACmIkDFM8cw=
53,-25,loWEf9Q+oemzcj+ykXoIP7+2KFQ=,jfe78rSCHWlm6QUVACmIkDFM8cw=
53,-26,loWEf9Q+oemzcj+ykXoIP7+2KFQ=,jfe78rSCHWlm6QUVACmIkDFM8cw=
52,-27,loWEf9Q+oemzcj+ykXoIP7+2KFQ=,jfe78rSCHWlm6QUVACmIkDFM8cw=
52,-26,loWEf9Q+oemzcj+ykXoIP7+2KFQ=,jfe78rSCHWlm6QUVACmIkDFM8cw=
52,-25,loWEf9Q+oemzcj+ykXoIP7+2KFQ=,jfe78rSCHWlm6QUVACmIkDFM8cw=
52,-20,loWEf9Q+oemzcj+ykXoIP7+2KFQ=,jfe78rSCHWlm6QUVACmIkDFM8cw=
52,-24,loWEf9Q+oemzcj+ykXoIP7+2KFQ=,jfe78rSCHWlm6QUVACmIkDFM8cw=
52,-23,loWEf9Q+oemzcj+ykXoIP7+2KFQ=,jfe78rSCHWlm6QUVACmIkDFM8cw=
52,-22,loWEf9Q+oemzcj+ykXoIP7+2KFQ=,jfe78rSCHWlm6QUVACmIkDFM8cw=
52,-21,loWEf9Q+oemzcj+ykXoIP7+2KFQ=,jfe78rSCHWlm6QUVACmIkDFM8cw=
51,-13,loWEf9Q+oemzcj+ykXoIP7+2KFQ=,jfe78rSCHWlm6QUVACmIkDFM8cw=
51,-14,loWEf9Q+oemzcj+ykXoIP7+2KFQ=,jfe78rSCHWlm6QUVACmIkDFM8cw=
51,-15,loWEf9Q+oemzcj+ykXoIP7+2KFQ=,JcUJoxQ2yeU35nHIXEl4CHlhX/8=
51,-16,loWEf9Q+oemzcj+ykXoIP7+2KFQ=,tB+R/AqFyBLM9FuR+Na4UMU3k/4=
51,-25,loWEf9Q+oemzcj+ykXoIP7+2KFQ=,jfe78rSCHWlm6QUVACmIkDFM8cw=
51,-26,loWEf9Q+oemzcj+ykXoIP7+2KFQ=,jfe78rSCHWlm6QUVACmIkDFM8cw=
51,-21,loWEf9Q+oemzcj+ykXoIP7+2KFQ=,jfe78rSCHWlm6QUVACmIkDFM8cw=
51,-22,loWEf9Q+oemzcj+ykXoIP7+2KFQ=,jfe78rSCHWlm6QUVACmIkDFM8cw=
51,-23,loWEf9Q+oemzcj+ykXoIP7+2KFQ=,jfe78rSCHWlm6QUVACmIkDFM8cw=
51,-24,loWEf9Q+oemzcj+ykXoIP7+2KFQ=,jfe78rSCHWlm6QUVACmIkDFM8cw=
51,-17,loWEf9Q+oemzcj+ykXoIP7+2KFQ=,jfe78rSCHWlm6QUVACmIkDFM8cw=
51,-18,loWEf9Q+oemzcj+ykXoIP7+2KFQ=,jfe78rSCHWlm6QUVACmIkDFM8cw=
51,-19,loWEf9Q+oemzcj+ykXoIP7+2KFQ=,jfe78rSCHWlm6QUVACmIkDFM8cw=
51,-20,loWEf9Q+oemzcj+ykXoIP7+2KFQ=,jfe78rSCHWlm6QUVACmIkDFM8cw=
50,-14,loWEf9Q+oemzcj+ykXoIP7+2KFQ=,jfe78rSCHWlm6QUVACmIkDFM8cw=
50,-13,loWEf9Q+oemzcj+ykXoIP7+2KFQ=,LvwevMxj7PUVaupExjEllW1PIH4=
50,-12,loWEf9Q+oemzcj+ykXoIP7+2KFQ=,ABU9gdYEOtDp0L+i0V/+zmpXDHQ=
50,-22,loWEf9Q+oemzcj+ykXoIP7+2KFQ=,jfe78rSCHWlm6QUVACmIkDFM8cw=
50,-23,loWEf9Q+oemzcj+ykXoIP7+2KFQ=,jfe78rSCHWlm6QUVACmIkDFM8cw=
49,-23,loWEf9Q+oemzcj+ykXoIP7+2KFQ=,jfe78rSCHWlm6QUVACmIkDFM8cw=
49,-22,loWEf9Q+oemzcj+ykXoIP7+2KFQ=,jfe78rSCHWlm6QUVACmIkDFM8cw=
48,-22,loWEf9Q+oemzcj+ykXoIP7+2KFQ=,jfe78rSCHWlm6QUVACmIkDFM8cw=
48,-21,loWEf9Q+oemzcj+ykXoIP7+2KFQ=,jfe78rSCHWlm6QUVACmIkDFM8cw=
47,-21,loWEf9Q+oemzcj+ykXoIP7+2KFQ=,tB+R/AqFyBLM9FuR+Na4UMU3k/4=
46,-20,loWEf9Q+oemzcj+ykXoIP7+2KFQ=,tB+R/AqFyBLM9FuR+Na4UMU3k/4=
46,-21,loWEf9Q+oemzcj+ykXoIP7+2KFQ=,tB+R/AqFyBLM9FuR+Na4UMU3k/4=
45,-20,loWEf9Q+oemzcj+ykXoIP7+2KFQ=,tB+R/AqFyBLM9FuR+Na4UMU3k/4=
45,-21,loWEf9Q+oemzcj+ykXoIP7+2KFQ=,tB+R/AqFyBLM9FuR+Na4UMU3k/4=
44,-20,loWEf9Q+oemzcj+ykXoIP7+2KFQ=,tB+R/AqFyBLM9FuR+Na4UMU3k/4=
44,-21,loWEf9Q+oemzcj+ykXoIP7+2KFQ=,tB+R/AqFyBLM9FuR+Na4UMU3k/4=
43,-20,loWEf9Q+oemzcj+ykXoIP7+2KFQ=,tB+R/AqFyBLM9FuR+Na4UMU3k/4=
42,-21,loWEf9Q+oemzcj+ykXoIP7+2KFQ=,tB+R/AqFyBLM9FuR+Na4UMU3k/4=
42,-20,GH++JPSh9npOIPe5F0Oe2KeBIMU=,tB+R/AqFyBLM9FuR+Na4UMU3k/4=
41,-20,GH++JPSh9npOIPe5F0Oe2KeBIMU=,tB+R/AqFyBLM9FuR+Na4UMU3k/4=
40,-20,GH++JPSh9npOIPe5F0Oe2KeBIMU=,tB+R/AqFyBLM9FuR+Na4UMU3k/4=
40,-19,GH++JPSh9npOIPe5F0Oe2KeBIMU=,tB+R/AqFyBLM9FuR+Na4UMU3k/4=
39,-19,GH++JPSh9npOIPe5F0Oe2KeBIMU=,tB+R/AqFyBLM9FuR+Na4UMU3k/4=
39,-20,GH++JPSh9npOIPe5F0Oe2KeBIMU=,tB+R/AqFyBLM9FuR+Na4UMU3k/4=
38,-20,GH++JPSh9npOIPe5F0Oe2KeBIMU=,tB+R/AqFyBLM9FuR+Na4UMU3k/4=
38,-19,GH++JPSh9npOIPe5F0Oe2KeBIMU=,tB+R/AqFyBLM9FuR+Na4UMU3k/4=
37,-19,GH++JPSh9npOIPe5F0Oe2KeBIMU=,tB+R/AqFyBLM9FuR+Na4UMU3k/4=
37,-20,GH++JPSh9npOIPe5F0Oe2KeBIMU=,tB+R/AqFyBLM9FuR+Na4UMU3k/4=
36,-19,GH++JPSh9npOIPe5F0Oe2KeBIMU=,tB+R/AqFyBLM9FuR+Na4UMU3k/4=
35,-18,GH++JPSh9npOIPe5F0Oe2KeBIMU=,tB+R/AqFyBLM9FuR+Na4UMU3k/4=
35,-19,GH++JPSh9npOIPe5F0Oe2KeBIMU=,tB+R/AqFyBLM9FuR+Na4UMU3k/4=
34,-18,GH++JPSh9npOIPe5F0Oe2KeBIMU=,tB+R/AqFyBLM9FuR+Na4UMU3k/4=
34,-19,GH++JPSh9npOIPe5F0Oe2KeBIMU=,tB+R/AqFyBLM9FuR+Na4UMU3k/4=
33,-18,GH++JPSh9npOIPe5F0Oe2KeBIMU=,tB+R/AqFyBLM9FuR+Na4UMU3k/4=
32,-18,GH++JPSh9npOIPe5F0Oe2KeBIMU=,tB+R/AqFyBLM9FuR+Na4UMU3k/4=
32,-17,GH++JPSh9npOIPe5F0Oe2KeBIMU=,tB+R/AqFyBLM9FuR+Na4UMU3k/4=
